{
    "kuid": "19ee10t9-b9a1-45rf-bfue-f566cen6",
    "id": "VoltMX.VoltFormulaSettings.build2",
    "content": {
        "title": "Build and run the Live Preview",
        "body": "<ol>\n<li>From the main menu, select <b>Build</b>.</li>\n<li>Click <b>Run Live Preview</b>.</li>\n</ol>"
    },
    "pointer": {
        "direction": "left",
        "element": "",
        "type": "none"
    },
    "navigationType": "manual",
    "navigationBar": {
        "left": {
            "text": "Previous",
            "enable": true,
            "hide": false
        },
        "right": {
            "text": "Next",
            "enable": true,
            "hide": false
        }
    },
    "navigationCondition": "",
    "position": "BOTTOM_RIGHT",
    "meta": {
        "Creator": "Anonymous",
        "CreatedOn": "Mon, 05 Aug 2024 18:07:36 GMT"
    },
    "context": [],
    "localization": {
        "en-us": {
            "content": {
                "title": "Build and run the Live Preview",
                "body": "<ol>\n<li>From the main menu, select <b>Build</b>.</li>\n<li>Click <b>Run Live Preview</b>.</li>\n</ol>"
            }
        }
    }
}