{
    "kuid": "08d2fat5-b2a7-4ar5-8cuc-bc2536n6",
    "id": "VoltMX.AddingDominoAccessforVoltForm.BldListUI2",
    "content": {
        "title": "Build the Customers List UI",
        "body": "<ol>\n <li>In the <b>Project</b> explorer, click on the <b>Templates</b> tab.</li>\n <li>Expand <strong>Mobile</strong> &gt; <strong>Segments</strong> and right click on <b>SampleRowTemplate</b>.</li>\n <li>Click on <b>Duplicate</b>.</li>\n <li>Right click on the duplicate template and click <b>Rename</b>.</li>\n <li>Change the name to <b>DemoRowTemplate</b>.</li>\n <li>Expand <b>DemoRowTemplate</b>  &gt; <b>CopyflxSampleRowTemplate...</b> and make the following changes to the labels:\n <ul>\n <li>Rename <b>lblHeading</b> to <b>lblLastname</b> and set the Text property to <b>Lastname</b>.</li>\n <li>Rename <b>lblDescription</b> to <b>lblFirstname</b> and set the Text property to <b>Firstname</b>.</li>\n <li>Rename <b>lblTimes</b> to <b>lblEmail</b> and set the Text property to <b>Email</b>.</li>\n </ul>\n </li>\n </ol>"
    },
    "pointer": {
        "direction": "left",
        "element": {
            "module": "projectexplorer"
        },
        "type": "default"
    },
    "navigationType": "manual",
    "navigationBar": {
        "left": {
            "text": "Previous",
            "enable": true,
            "hide": false
        },
        "right": {
            "text": "Next",
            "enable": true,
            "hide": false
        }
    },
    "navigationCondition": "",
    "position": "BOTTOM_RIGHT",
    "meta": {
        "Creator": "admin admin",
        "CreatedOn": "Mon, 30 Sep 2024 20:21:25 GMT"
    },
    "context": [],
    "localization": {
        "en-us": {
            "content": {
                "title": "Build the Customers List UI",
                "body": "<ol>\n <li>In the <b>Project</b> explorer, click on the <b>Templates</b> tab.</li>\n <li>Expand <strong>Mobile</strong> &gt; <strong>Segments</strong> and right click on <b>SampleRowTemplate</b>.</li>\n <li>Click on <b>Duplicate</b>.</li>\n <li>Right click on the duplicate template and click <b>Rename</b>.</li>\n <li>Change the name to <b>DemoRowTemplate</b>.</li>\n <li>Expand <b>DemoRowTemplate</b>  &gt; <b>CopyflxSampleRowTemplate...</b> and make the following changes to the labels:\n <ul>\n <li>Rename <b>lblHeading</b> to <b>lblLastname</b> and set the Text property to <b>Lastname</b>.</li>\n <li>Rename <b>lblDescription</b> to <b>lblFirstname</b> and set the Text property to <b>Firstname</b>.</li>\n <li>Rename <b>lblTimes</b> to <b>lblEmail</b> and set the Text property to <b>Email</b>.</li>\n </ul>\n </li>\n </ol>"
            }
        }
    }
}