{
    "kuid": "8e1a6ct0-86ab-4fre-baue-36bac6n2",
    "id": "VoltMX.AddingDominoAccessforVoltForm.MapList2",
    "content": {
        "title": "Map the Customer List",
        "body": "<ol>\n<li>To create a mapping between the records and the labels:\n<ul>\n<li>Click on <b>records</b> in the left pane, then click on <b>rowData</b> in the right pane</li>\n<li>Click on <b>last_name</b> in the left pane, then click on <b>text</b> under <b>lblLastname</b> in the right pane</li>\n<li>Click on <b>first_name</b> in the left pane, then click on <b>text</b> under <b>lblFirstname</b> in the right pane</li>\n<li>Click on <b>email</b> in the left pane, then click on <b>text</b> under <b>lblEmail</b> in the right pane</li>\n<li>Click on <b>x_0040unid</b> in the left pane, then click on <b>text</b> under <b>lblUnid</b> in the right pane</li>\n</ul>\n</li>\n</ol>"
    },
    "pointer": {
        "direction": "left",
        "element": "",
        "type": "none"
    },
    "navigationType": "manual",
    "navigationBar": {
        "left": {
            "text": "Previous",
            "enable": true,
            "hide": false
        },
        "right": {
            "text": "Next",
            "enable": true,
            "hide": false
        }
    },
    "navigationCondition": "",
    "position": "BOTTOM_LEFT",
    "meta": {
        "Creator": "admin admin",
        "CreatedOn": "Tue, 01 Oct 2024 19:58:20 GMT"
    },
    "context": [],
    "localization": {
        "en-us": {
            "content": {
                "title": "Map the Customer List",
                "body": "<ol>\n<li>To create a mapping between the records and the labels:\n<ul>\n<li>Click on <b>records</b> in the left pane, then click on <b>rowData</b> in the right pane</li>\n<li>Click on <b>last_name</b> in the left pane, then click on <b>text</b> under <b>lblLastname</b> in the right pane</li>\n<li>Click on <b>first_name</b> in the left pane, then click on <b>text</b> under <b>lblFirstname</b> in the right pane</li>\n<li>Click on <b>email</b> in the left pane, then click on <b>text</b> under <b>lblEmail</b> in the right pane</li>\n<li>Click on <b>x_0040unid</b> in the left pane, then click on <b>text</b> under <b>lblUnid</b> in the right pane</li>\n</ul>\n</li>\n</ol>"
            }
        }
    }
}