{
    "kuid": "e1e7a9t7-93af-45r3-93ua-2827d1nd",
    "id": "VoltMX.CreatingCustomFormulas.Last",
    "content": {
        "title": "Congratulations!",
        "body": "<p>You have successfully: \n<ul>\n<li>Define a custom formula definition and import it into Iris.</li>\n<li>Use the custom formula in your application code.</li>\n</ul>\n</p>"
    },
    "pointer": {
        "direction": "left",
        "element": "",
        "type": "none"
    },
    "navigationType": "manual",
    "navigationBar": {
        "left": {
            "text": "Previous",
            "enable": true,
            "hide": false
        },
        "right": {
            "text": "Done",
            "enable": true,
            "hide": false
        }
    },
    "navigationCondition": "",
    "position": "CENTER",
    "meta": {
        "Creator": "Anonymous",
        "CreatedOn": "Mon, 19 Aug 2024 19:01:57 GMT"
    },
    "context": [],
    "localization": {
        "en-us": {
            "content": {
                "title": "Congratulations!",
                "body": "<p>You have successfully: \n<ul>\n<li>Define a custom formula definition and import it into Iris.</li>\n<li>Use the custom formula in your application code.</li>\n</ul>\n</p>"
            },
            "navigationBar": {
                "right": {
                    "text": "Done"
                }
            }
        }
    }
}