<?xml version="1.0"?>
<Hike kuid="4ed29et1-8aa9-4fr9-81uc-93d037nb" id="VoltMX.VoltFormulaIntroHike" title="VoltMX.VoltFormulaIntroHike">
    <Description>This hike will introduce you to VoltF ormula</Description>
    <Meta>
        <Creator>Anonymous</Creator>
        <CreatedOn>Tue, 16 Jul 2024 17:29:34 GMT</CreatedOn>
    </Meta>
    <Hikecard id="VoltMX.IntroVoltFormula.Intro"/>
    <Hikecard id="VoltMX.IntroVoltFormula.open"/>
    <Hikecard id="VoltMX.IntroVoltFormula.openController"/>
    <Hikecard id="VoltMX.IntroVoltFormula.validate"/>
    <Hikecard id="VoltMX.IntroVoltFormula.addFormula"/>
    <Hikecard id="VoltMX.IntroVoltFormula.convertedCode1"/>
    <Hikecard id="VoltMX.IntroVoltFormula.convertedCode2"/>
    <Hikecard id="VoltMX.IntroVoltFormula.settingPre"/>
    <Hikecard id="VoltMX.IntroVoltFormula.run"/>
    <Hikecard id="VoltMX.IntroVoltFormula.view"/>
    <Hikecard id="VoltMX.IntroVoltFormula.ActionIntro"/>
    <Hikecard id="VoltMX.IntroVoltFormula.controllerRemove"/>
    <Hikecard id="VoltMX.IntroVoltFormula.aeOpen"/>
    <Hikecard id="VoltMX.IntroVoltFormula.aeAdd"/>
    <Hikecard id="VoltMX.IntroVoltFormula.aeAdd2"/>
    <Hikecard id="VoltMX.IntroVoltFormula.aeSave"/>
    <Hikecard id="VoltMX.IntroVoltFormula.aeBuild"/>
    <Hikecard id="VoltMX.IntroVoltFormula.aeView"/>
    <Hikecard id="VoltMX.IntroVoltFormula.last"/>
</Hike>