{
    "kuid": "744dadtb-12a2-45r0-bdu1-9934b1n1",
    "id": "VoltMX.IntroVoltFormula.controllerRemove",
    "content": {
        "title": "Remove the controller validate code",
        "body": "<p>Since you will be using an action to validate the credentials, the validation code in the controller will not be needed. \n<p>Remove the <strong>validate</strong> and <strong>onNavigate</strong> functions from the controller.\n<p>The controller code will now look like this: :<br/>\n<p style=\"background-color:lightyellow; padding-left: 5%\">\ndefine({ <br/>\nUsrname: \"john.doe@woodburn.com\",<br/>\nPsword: \"VoltMX@123\",<br/>\n });\n</p>"
    },
    "pointer": {
        "direction": "left",
        "element": {
            "module": "appcanvas",
            "paneId": "ac-area-one"
        },
        "type": "left"
    },
    "navigationType": "manual",
    "navigationBar": {
        "left": {
            "text": "Previous",
            "enable": true,
            "hide": false
        },
        "right": {
            "text": "Next",
            "enable": true,
            "hide": false
        }
    },
    "navigationCondition": "",
    "position": "BOTTOM_RIGHT",
    "meta": {
        "Creator": "James Godwin",
        "CreatedOn": "Wed, 24 Jul 2024 19:18:32 GMT"
    },
    "context": [],
    "localization": {
        "en-us": {
            "content": {
                "title": "Remove the controller validate code",
                "body": "<p>Since you will be using an action to validate the credentials, the validation code in the controller will not be needed. \n<p>Remove the <strong>validate</strong> and <strong>onNavigate</strong> functions from the controller.\n<p>The controller code will now look like this: :<br/>\n<p style=\"background-color:lightyellow; padding-left: 5%\">\ndefine({ <br/>\nUsrname: \"john.doe@woodburn.com\",<br/>\nPsword: \"VoltMX@123\",<br/>\n });\n</p>"
            }
        }
    }
}