{
    "kuid": "2e6c34tc-a6ae-4brb-b8ua-7b7c72nd",
    "id": "VoltMX.AddingDominoAccessforVoltForm.BldDetailsUI2",
    "content": {
        "title": "Build the Customers Details UI",
        "body": "<ol>\n<li>Expand <b>flxContactDetails</b>. \n<li>Rename <b>flxDepartment</b> to <b>flxGender</b>. Expand <b>flxGender</b> and rename <b>lblDepartment</b> to <b>lblGender</b> and <b>lblDepartmentValue</b> to <b>lblGenderValue</b>.</li>\n<li>Rename <b>flxDesignation</b> to <b>flxColor</b>. Expand <b>flxColor</b> and rename <b>lblDesignation</b> to <b>lblColor</b> and <b>lblDesignationValue</b> to <b>lblColorValue</b>.</li>\n<li>Rename <b>flxAddress</b> to <b>flxPet</b>. Expand <b>flxPet</b> and rename <b>lblAdd</b> to <b>lblPet</b> and <b>lblAddressLocation</b> to <b>lblPetValue</b>.</li>\n<li>Delete the following items: flxPhone, flxSeperator7, flxCompany, flxSeperator8, flxLeadSource, flxSeperator9, flxLinkedIn, flxSeperator10, flxAboutMeText, and flxSeperator11</li>\n</ol>"
    },
    "pointer": {
        "direction": "left",
        "element": {
            "module": "projectexplorer"
        },
        "type": "default"
    },
    "navigationType": "manual",
    "navigationBar": {
        "left": {
            "text": "Previous",
            "enable": true,
            "hide": false
        },
        "right": {
            "text": "Next",
            "enable": true,
            "hide": false
        }
    },
    "navigationCondition": "",
    "position": "BOTTOM_RIGHT",
    "meta": {
        "Creator": "admin admin",
        "CreatedOn": "Mon, 30 Sep 2024 20:40:07 GMT"
    },
    "context": [],
    "localization": {
        "en-us": {
            "content": {
                "title": "Build the Customers Details UI",
                "body": "<ol>\n<li>Expand <b>flxContactDetails</b>. \n<li>Rename <b>flxDepartment</b> to <b>flxGender</b>. Expand <b>flxGender</b> and rename <b>lblDepartment</b> to <b>lblGender</b> and <b>lblDepartmentValue</b> to <b>lblGenderValue</b>.</li>\n<li>Rename <b>flxDesignation</b> to <b>flxColor</b>. Expand <b>flxColor</b> and rename <b>lblDesignation</b> to <b>lblColor</b> and <b>lblDesignationValue</b> to <b>lblColorValue</b>.</li>\n<li>Rename <b>flxAddress</b> to <b>flxPet</b>. Expand <b>flxPet</b> and rename <b>lblAdd</b> to <b>lblPet</b> and <b>lblAddressLocation</b> to <b>lblPetValue</b>.</li>\n<li>Delete the following items: flxPhone, flxSeperator7, flxCompany, flxSeperator8, flxLeadSource, flxSeperator9, flxLinkedIn, flxSeperator10, flxAboutMeText, and flxSeperator11</li>\n</ol>"
            }
        }
    }
}