{
    "kuid": "f883a6td-17a4-49r2-92u0-6d0da6n7",
    "id": "VoltMX.AddingDominoAccessforVoltForm.Publish",
    "content": {
        "title": "Live Preview",
        "body": "<ol>\n<li>From the <b>Live Preview Settings</b> window, under <b>Native</b>, select the checkboxes next to the OS of the mobile/tablet on which you are going to view the app. <br/>\nFor example: <b>iOS </b> or <b>Android</b>.<br/>\nMake sure you have unselected all the other platforms and channels.</li>\n<li>Click <b>Save & Run</b>.<br/> \nIt may take some time for Iris to show the <b>Live Preview is ready</b> window.</li>\n</ol>"
    },
    "pointer": {
        "direction": "left",
        "element": "",
        "type": "none"
    },
    "navigationType": "manual",
    "navigationBar": {
        "left": {
            "text": "Previous",
            "enable": true,
            "hide": false
        },
        "right": {
            "text": "Next",
            "enable": true,
            "hide": false
        }
    },
    "navigationCondition": "",
    "position": "TOP_RIGHT",
    "meta": {
        "Creator": "admin admin",
        "CreatedOn": "Mon, 30 Sep 2024 21:09:50 GMT"
    },
    "context": [],
    "localization": {
        "en-us": {
            "content": {
                "title": "Live Preview",
                "body": "<ol>\n<li>From the <b>Live Preview Settings</b> window, under <b>Native</b>, select the checkboxes next to the OS of the mobile/tablet on which you are going to view the app. <br/>\nFor example: <b>iOS </b> or <b>Android</b>.<br/>\nMake sure you have unselected all the other platforms and channels.</li>\n<li>Click <b>Save & Run</b>.<br/> \nIt may take some time for Iris to show the <b>Live Preview is ready</b> window.</li>\n</ol>"
            }
        }
    }
}