{
    "kuid": "cb4ac5ta-86ac-49r4-afu4-0d21a7n9",
    "id": "VoltMX.VoltFormulaSettings.addFormula2",
    "content": {
        "title": "Enter formula",
        "body": "<ol><li>Right click on the empty line in the validate function and select Add Code From Formula. The formula editor will open.</li>\n<li>Copy and paste the following formula  to the formula editor:\n<p style=\"background-color:lightyellow; padding-left: 2%\">\n&lt;%=\nvar inputUser = this.view.usernameTextbox.text;<br>\n%&gt;\n<br>\n@If(@Right(inputUser;\"@\")=\"woodburn.com\"; @True; @False);\n</p>\n</li>\n</ol><br>\n<p>The formula is now converted to Javascript because we enabled passthrough.\nNotice that the converted Javascript code returns the Javascript boolean true but it calls the Rosetta API for false. \nThis is because the Rosetta settings indicate to use the API when converting the @False formula. </p>"
    },
    "pointer": {
        "direction": "left",
        "element": {
            "css_selector": "textarea[id$='-formula'] + div[class~='CodeMirror']"
        },
        "type": "default"
    },
    "navigationType": "manual",
    "navigationBar": {
        "left": {
            "text": "Previous",
            "enable": true,
            "hide": false
        },
        "right": {
            "text": "Next",
            "enable": true,
            "hide": false
        }
    },
    "navigationCondition": "",
    "position": "BOTTOM_RIGHT",
    "meta": {
        "Creator": "Anonymous",
        "CreatedOn": "Wed, 07 Aug 2024 19:31:27 GMT"
    },
    "context": [],
    "localization": {
        "en-us": {
            "content": {
                "title": "Enter formula",
                "body": "<ol><li>Right click on the empty line in the validate function and select Add Code From Formula. The formula editor will open.</li>\n<li>Copy and paste the following formula  to the formula editor:\n<p style=\"background-color:lightyellow; padding-left: 2%\">\n&lt;%=\nvar inputUser = this.view.usernameTextbox.text;<br>\n%&gt;\n<br>\n@If(@Right(inputUser;\"@\")=\"woodburn.com\"; @True; @False);\n</p>\n</li>\n</ol><br>\n<p>The formula is now converted to Javascript because we enabled passthrough.\nNotice that the converted Javascript code returns the Javascript boolean true but it calls the Rosetta API for false. \nThis is because the Rosetta settings indicate to use the API when converting the @False formula. </p>"
            }
        }
    }
}