{
    "kuid": "44f03et1-f1a3-4drb-beu6-31eabbn9",
    "id": "VoltMX.AddingDominoAccessforVoltForm.GetList",
    "content": {
        "title": "Get the Customer List",
        "body": "<ol>\n<li>From the left menu under <strong>NETWORK</strong>, click on <strong>Loading Indicate</strong>.</li>\n<li>In the options on the right, select:<br> \n<ul>\n<li><strong>Loading Indicator:</strong> Show</li>\n<li><strong>Text:</strong> Loading...</li>\n<li><strong>Position:</strong> Full Screen</li>\n</ul>\n</li>\n<li>From the left menu under <strong>NETWORK</strong>, select <strong>Invoke Service</strong>.</li>\n<li>In the options on the right, select:<br> \n<ul>\n<li><strong>Select Service:</strong> DemoObjectService$Customers</li>\n<li><strong>Select Method:</strong> get</li>\n</ul>\n</li>\n<li>From the left menu under <strong>NETWORK</strong>, drag and drop <strong>Loading Indicator</strong> under <strong>Callback</strong>.</li>\n<li>In the options on the right, set <strong>Loading indicator</strong> to Dismiss. \n</ol>"
    },
    "pointer": {
        "direction": "left",
        "element": "",
        "type": "none"
    },
    "navigationType": "manual",
    "navigationBar": {
        "left": {
            "text": "Previous",
            "enable": true,
            "hide": false
        },
        "right": {
            "text": "Next",
            "enable": true,
            "hide": false
        }
    },
    "navigationCondition": "",
    "position": "BOTTOM_RIGHT",
    "meta": {
        "Creator": "admin admin",
        "CreatedOn": "Mon, 30 Sep 2024 20:33:22 GMT"
    },
    "context": [],
    "localization": {
        "en-us": {
            "content": {
                "title": "Get the Customer List",
                "body": "<ol>\n<li>From the left menu under <strong>NETWORK</strong>, click on <strong>Loading Indicate</strong>.</li>\n<li>In the options on the right, select:<br> \n<ul>\n<li><strong>Loading Indicator:</strong> Show</li>\n<li><strong>Text:</strong> Loading...</li>\n<li><strong>Position:</strong> Full Screen</li>\n</ul>\n</li>\n<li>From the left menu under <strong>NETWORK</strong>, select <strong>Invoke Service</strong>.</li>\n<li>In the options on the right, select:<br> \n<ul>\n<li><strong>Select Service:</strong> DemoObjectService$Customers</li>\n<li><strong>Select Method:</strong> get</li>\n</ul>\n</li>\n<li>From the left menu under <strong>NETWORK</strong>, drag and drop <strong>Loading Indicator</strong> under <strong>Callback</strong>.</li>\n<li>In the options on the right, set <strong>Loading indicator</strong> to Dismiss. \n</ol>"
            }
        }
    }
}