{
    "kuid": "565b19t8-7ea0-40ra-bauc-1d39d2n0",
    "id": "VoltMX.IntroVoltFormula.Intro",
    "content": {
        "title": "Introduction to VoltFormula",
        "body": "<p>In this hike, we will:\n<ul>\n<li>Use Notes formulas in a controller to validate the success and failure scenerios for a login form.</li>\n<li>Use Notes formulas in the action editor to validate the success and failure scenerios for a login form.</li></ul></br>\n<p>Before you get started, complete the hike: \n<ol>\n<li><a class=\"tour-link\" tour=\"7a7e14td-bda1-4fr1-bbu6-26a503nb\"> Introduction to Volt MX JavaScript</a></li>\n</ol></br>\n<p><strong>When you are ready, click Start!</strong>"
    },
    "pointer": {
        "direction": "left",
        "element": "",
        "type": "none"
    },
    "navigationType": "manual",
    "navigationBar": {
        "left": {
            "text": "Previous",
            "enable": false,
            "hide": true
        },
        "right": {
            "text": "Start",
            "enable": true,
            "hide": false
        }
    },
    "navigationCondition": "",
    "position": "CENTER",
    "meta": {
        "Creator": "Anonymous",
        "CreatedOn": "Tue, 16 Jul 2024 17:30:20 GMT"
    },
    "context": [],
    "localization": {
        "en-us": {
            "content": {
                "title": "Introduction to VoltFormula",
                "body": "<p>In this hike, we will:\n<ul>\n<li>Use Notes formulas in a controller to validate the success and failure scenerios for a login form.</li>\n<li>Use Notes formulas in the action editor to validate the success and failure scenerios for a login form.</li></ul></br>\n<p>Before you get started, complete the hike: \n<ol>\n<li><a class=\"tour-link\" tour=\"7a7e14td-bda1-4fr1-bbu6-26a503nb\"> Introduction to Volt MX JavaScript</a></li>\n</ol></br>\n<p><strong>When you are ready, click Start!</strong>"
            }
        }
    }
}