{
    "kuid": "b6646bt1-8aa9-42rb-9cu3-0c463an3",
    "id": "VoltMX.IntroVoltFormula.run",
    "content": {
        "title": "Live Preview",
        "body": "<ol><li>From the <b>Live Preview Settings</b> window, under <b>Adaptive Web</b>, select the checkboxes next to the OS of the mobile platform on which you are going to view the app. <br/>For example: <b>iOS </b> and <b>Android</b>.<br/>Make sure you have unselected all the other platforms and channels.</li>\n<li>Click <b>Save & Run</b>.<br/> The application will launch in a seperate  window.</ol>"
    },
    "pointer": {
        "direction": "left",
        "element": "",
        "type": "none"
    },
    "navigationType": "manual",
    "navigationBar": {
        "left": {
            "text": "Previous",
            "enable": true,
            "hide": false
        },
        "right": {
            "text": "Next",
            "enable": true,
            "hide": false
        }
    },
    "navigationCondition": "",
    "position": "BOTTOM_RIGHT",
    "meta": {
        "Creator": "Anonymous",
        "CreatedOn": "Tue, 23 Jul 2024 14:05:57 GMT"
    },
    "context": [],
    "localization": {
        "en-us": {
            "content": {
                "title": "Live Preview",
                "body": "<ol><li>From the <b>Live Preview Settings</b> window, under <b>Adaptive Web</b>, select the checkboxes next to the OS of the mobile platform on which you are going to view the app. <br/>For example: <b>iOS </b> and <b>Android</b>.<br/>Make sure you have unselected all the other platforms and channels.</li>\n<li>Click <b>Save & Run</b>.<br/> The application will launch in a seperate  window.</ol>"
            }
        }
    }
}