{
    "kuid": "254e11t3-77a2-4cr7-8cue-197addn5",
    "id": "VoltMX.AddingDominoAccessforVoltForm.OpenDB",
    "content": {
        "title": "Open the Domino database",
        "body": "<p>Next we need to open the Domino database using VoltFormula so the VoltFormula code can access Domino data. </p>\n<ol>\n<li>From the left menu under <strong>FORMULA</strong>, drag and drop <strong>Add Formula</strong> under <strong>Add Mapping</strong>.</li>\n<li>In the formula editor on the right panel copy and paste the following formula:\n<p style=\"background-color: lightyellow; padding-left: 2%;\">\nsuccess:=@FileOpenDatabase(\"server\":\"DemoObjectService\"; \"Customers\");<br>\n@If(success=@False; @Prompt([OK];\"Failed\";\"Failed to open database\"));<br>\n</p></li>\n<li>Click on the <strong>Save</strong> button to save the changes. </li>\n</ol>"
    },
    "pointer": {
        "direction": "left",
        "element": "",
        "type": "none"
    },
    "navigationType": "manual",
    "navigationBar": {
        "left": {
            "text": "Previous",
            "enable": true,
            "hide": false
        },
        "right": {
            "text": "Next",
            "enable": true,
            "hide": false
        }
    },
    "navigationCondition": "",
    "position": "BOTTOM_LEFT",
    "meta": {
        "Creator": "admin admin",
        "CreatedOn": "Mon, 30 Sep 2024 20:35:11 GMT"
    },
    "context": [],
    "localization": {
        "en-us": {
            "content": {
                "title": "Open the Domino database",
                "body": "<p>Next we need to open the Domino database using VoltFormula so the VoltFormula code can access Domino data. </p>\n<ol>\n<li>From the left menu under <strong>FORMULA</strong>, drag and drop <strong>Add Formula</strong> under <strong>Add Mapping</strong>.</li>\n<li>In the formula editor on the right panel copy and paste the following formula:\n<p style=\"background-color: lightyellow; padding-left: 2%;\">\nsuccess:=@FileOpenDatabase(\"server\":\"DemoObjectService\"; \"Customers\");<br>\n@If(success=@False; @Prompt([OK];\"Failed\";\"Failed to open database\"));<br>\n</p></li>\n<li>Click on the <strong>Save</strong> button to save the changes. </li>\n</ol>"
            }
        }
    }
}