{
    "kuid": "9a060at1-e2a2-49r3-a2u3-77af92ne",
    "id": "VoltMX.VoltFormulaSettings.ifCondition",
    "content": {
        "title": "Check validate results",
        "body": "<ol>\n<li>On the left panel under CONDITION, click the <strong>If</strong> action to add it below the Add Snippet action.</li>\n<li>In the editor in the right panel click on the first dropdown box and select: <strong>Value of variable</strong></li>\n<li>In the second dropdown box select the variable: <strong>formatValid</strong></li>\n<li>In the third dropdown box select: <strong>Equals</strong></li>\n<li>In the fourth dropdown box select: <strong>Value</strong></li>\n<li>In the fifth dropdown box enter: <strong>true</strong></li>\n</ol>"
    },
    "pointer": {
        "direction": "left",
        "element": "",
        "type": "none"
    },
    "navigationType": "manual",
    "navigationBar": {
        "left": {
            "text": "Previous",
            "enable": true,
            "hide": false
        },
        "right": {
            "text": "Next",
            "enable": true,
            "hide": false
        }
    },
    "navigationCondition": "",
    "position": "BOTTOM_RIGHT",
    "meta": {
        "Creator": "Anonymous",
        "CreatedOn": "Wed, 07 Aug 2024 17:59:08 GMT"
    },
    "context": [],
    "localization": {
        "en-us": {
            "content": {
                "title": "Check validate results",
                "body": "<ol>\n<li>On the left panel under CONDITION, click the <strong>If</strong> action to add it below the Add Snippet action.</li>\n<li>In the editor in the right panel click on the first dropdown box and select: <strong>Value of variable</strong></li>\n<li>In the second dropdown box select the variable: <strong>formatValid</strong></li>\n<li>In the third dropdown box select: <strong>Equals</strong></li>\n<li>In the fourth dropdown box select: <strong>Value</strong></li>\n<li>In the fifth dropdown box enter: <strong>true</strong></li>\n</ol>"
            }
        }
    }
}