<?xml version="1.0"?>
<Hike kuid="64e694t9-11a2-49rb-8du1-201d3bn0" id="VoltMX.ConfiguringAccessToDomino" title="VoltMX.ConfiguringAccessToDomino">
    <Description>Configure access to a Domino database</Description>
    <Meta>
        <Creator>admin admin</Creator>
        <CreatedOn>Tue, 17 Sep 2024 13:57:33 GMT</CreatedOn>
    </Meta>
    <Hikecard id="VoltMX.ConfiguringAccesstoDomino.Intro"/>
    <Hikecard id="VoltMX.ConfiguringAccessToDomino.OpenIris"/>
    <Hikecard id="VoltMX.ConfiguringAccessToDomino.FoundryURL"/>
    <Hikecard id="VoltMX.ConfiguringAccessToDomino.CreateApp"/>
    <Hikecard id="VoltMX.ConfiguringAccessToDomino.ConfigDRAPI"/>
    <Hikecard id="VoltMX.ConfiguringAccessToDomino.ConfigId1"/>
    <Hikecard id="VoltMX.ConfiguringAccessToDomino.ConfigId2"/>
    <Hikecard id="VoltMX.ConfiguringAccessToDomino.CreateDRAPIApp"/>
    <Hikecard id="VoltMX.ConfiguringAccessToDomino.UpdateId"/>
    <Hikecard id="VoltMX.ConfiguringAccessToDomino.CreateObjSvc"/>
    <Hikecard id="VoltMX.ConfiguringAccessToDomino.ConfigObjSvc"/>
    <Hikecard id="VoltMX.ConfiguringAccessToDomino.VerifySvcs"/>
    <Hikecard id="VoltMX.ConfiguringAccessToDomino.Last"/>
</Hike>