{
    "kuid": "a99072t2-24a2-47r7-97ud-809aadnb",
    "id": "VoltMX.AddingDominoAccessforVoltForm.SettingsPre",
    "content": {
        "title": "Settings for Live Preview",
        "body": "<ol>\n<li>From the main menu, select <b>Build</b>.</li>\n<li>Click <b>Live Preview Settings</b>.</li>\n</ol>"
    },
    "pointer": {
        "direction": "left",
        "element": "",
        "type": "none"
    },
    "navigationType": "manual",
    "navigationBar": {
        "left": {
            "text": "Previous",
            "enable": true,
            "hide": false
        },
        "right": {
            "text": "Next",
            "enable": true,
            "hide": false
        }
    },
    "navigationCondition": "",
    "position": "TOP_RIGHT",
    "meta": {
        "Creator": "admin admin",
        "CreatedOn": "Mon, 30 Sep 2024 21:08:25 GMT"
    },
    "context": [],
    "localization": {
        "en-us": {
            "content": {
                "title": "Settings for Live Preview",
                "body": "<ol>\n<li>From the main menu, select <b>Build</b>.</li>\n<li>Click <b>Live Preview Settings</b>.</li>\n</ol>"
            }
        }
    }
}