{
    "kuid": "f2e84bt5-89a9-4er4-80u9-687877ne",
    "id": "VoltMX.AddingDominoAccessforVoltForm.FillDetails2",
    "content": {
        "title": "Fill in the customer details",
        "body": "<ol>\n<li>From the left menu under <strong>FORMULA</strong>, click on <strong>Add Formula</strong>.</li>\n<li>In the formula editor on the right panel copy and paste the following formula:\n<p style=\"background-color: lightyellow; padding-left: 2%;\">\nfirstName:=@GetField('first_name');<br>\nlastName:=@GetField('last_name');<br>\nemail:=@GetField('email');<br>\ngender:=@GetField('gender');<br>\npet:=@GetField('Pet');<br>\ncolor:=@GetField('Color');<br>\n</p></li>\n</ol>"
    },
    "pointer": {
        "direction": "left",
        "element": "",
        "type": "none"
    },
    "navigationType": "manual",
    "navigationBar": {
        "left": {
            "text": "Previous",
            "enable": true,
            "hide": false
        },
        "right": {
            "text": "Next",
            "enable": true,
            "hide": false
        }
    },
    "navigationCondition": "",
    "position": "BOTTOM_LEFT",
    "meta": {
        "Creator": "admin admin",
        "CreatedOn": "Mon, 30 Sep 2024 21:24:45 GMT"
    },
    "context": [],
    "localization": {
        "en-us": {
            "content": {
                "title": "Fill in the customer details",
                "body": "<ol>\n<li>From the left menu under <strong>FORMULA</strong>, click on <strong>Add Formula</strong>.</li>\n<li>In the formula editor on the right panel copy and paste the following formula:\n<p style=\"background-color: lightyellow; padding-left: 2%;\">\nfirstName:=@GetField('first_name');<br>\nlastName:=@GetField('last_name');<br>\nemail:=@GetField('email');<br>\ngender:=@GetField('gender');<br>\npet:=@GetField('Pet');<br>\ncolor:=@GetField('Color');<br>\n</p></li>\n</ol>"
            }
        }
    }
}