{
    "kuid": "9c34d7t1-abaa-42r7-92u2-75c992n9",
    "id": "VoltMX.VoltFormulaSettings.last",
    "content": {
        "title": "Congratulations!",
        "body": "<p>You have successfully learned how to modified the Rosetta settings and how they affect the VoltFormula code and Rosetta API.</p>"
    },
    "pointer": {
        "direction": "left",
        "element": "",
        "type": "none"
    },
    "navigationType": "manual",
    "navigationBar": {
        "left": {
            "text": "Previous",
            "enable": true,
            "hide": false
        },
        "right": {
            "text": "Done",
            "enable": true,
            "hide": false
        }
    },
    "navigationCondition": "",
    "position": "CENTER",
    "meta": {
        "Creator": "Anonymous",
        "CreatedOn": "Wed, 07 Aug 2024 18:32:26 GMT"
    },
    "context": [],
    "localization": {
        "en-us": {
            "content": {
                "title": "Congratulations!",
                "body": "<p>You have successfully learned how to modified the Rosetta settings and how they affect the VoltFormula code and Rosetta API.</p>"
            },
            "navigationBar": {
                "right": {
                    "text": "Done"
                }
            }
        }
    }
}