{
    "kuid": "d7d5fbta-22ac-40rb-a9u4-7265d2n6",
    "id": "VoltMX.VoltFormulaSettings.convertDelay",
    "content": {
        "title": "The conversion delay",
        "body": "<p>The next setting is the <strong>Conversion Delay</strong>. When you are entering a formula in the formula editor, the formula code will get converted to javascript code as you type. \n<p>This setting determine how many milliseconds to wait after each keystroke when entering a formula before the formula is converted to javascript. \n<p>Increasng this value can cut down on calls to the converter which can be process intensive. Decreasing this value can result in more log warning about unsupported formulas since the conversion will occur before you have entered the next keystrong.\n<p>In most cases you will not need to adjust this value"
    },
    "pointer": {
        "direction": "left",
        "element": {
            "css_selector": "div#projectsettings_rosetta-converterconfiguration-convertDelay div:nth-child(2)"
        },
        "type": "default",
        "isfixed": true
    },
    "navigationType": "manual",
    "navigationBar": {
        "left": {
            "text": "Previous",
            "enable": true,
            "hide": false
        },
        "right": {
            "text": "Next",
            "enable": true,
            "hide": false
        }
    },
    "navigationCondition": "",
    "position": "BOTTOM_RIGHT",
    "meta": {
        "Creator": "admin admin",
        "CreatedOn": "Tue, 30 Jul 2024 19:34:18 GMT"
    },
    "context": [],
    "localization": {
        "en-us": {
            "content": {
                "title": "The conversion delay",
                "body": "<p>The next setting is the <strong>Conversion Delay</strong>. When you are entering a formula in the formula editor, the formula code will get converted to javascript code as you type. \n<p>This setting determine how many milliseconds to wait after each keystroke when entering a formula before the formula is converted to javascript. \n<p>Increasng this value can cut down on calls to the converter which can be process intensive. Decreasing this value can result in more log warning about unsupported formulas since the conversion will occur before you have entered the next keystrong.\n<p>In most cases you will not need to adjust this value"
            }
        }
    }
}