{
    "kuid": "b8858etc-c4a0-40r0-a5u4-255e2an1",
    "id": "VoltMX.ConfiguringAccessToDomino.ConfigId2",
    "content": {
        "title": "Configure the identity provider",
        "body": "<p>Enter the following to configure the <strong>Provider Details</strong>:\n<ul>\n<li><strong>Grant Type:</strong>  Authorization Code</li>\n<li><strong>Authorize Endpoint:</strong> [your Domino REST API API server]/oauth/authorization</li>\n<li><strong>Token Endpoint:</strong> [your Domino REST API API server]/oauth/token</li>\n<li><strong>Scope:</strong>  $DATA</li>\n</ul>\n<p>Enter the following under <strong>Client Details</strong>:\n<ul>\n<li><strong>Client Assertion Type:</strong> Basic authentication</li>\n<li>Expand <strong>Advanced</strong> and set <strong>Client Authentication Scheme</strong> to <strong>Form Param</strong></li>\n<li>Copy the <strong>Callback URL</strong>. This will be used in the next step when creating the Domino Rest API application. </li> \n</ul>\n<p>Note: Don't save the changes yet. We need to generate a client id and secret in the Domino REST API Admin console. </p>"
    },
    "pointer": {
        "direction": "left",
        "element": "",
        "type": "none"
    },
    "navigationType": "manual",
    "navigationBar": {
        "left": {
            "text": "Previous",
            "enable": true,
            "hide": false
        },
        "right": {
            "text": "Next",
            "enable": true,
            "hide": false
        }
    },
    "navigationCondition": "",
    "position": "CENTER",
    "meta": {
        "Creator": "admin admin",
        "CreatedOn": "Tue, 17 Sep 2024 17:38:07 GMT"
    },
    "context": [],
    "localization": {
        "en-us": {
            "content": {
                "title": "Configure the identity provider",
                "body": "<p>Enter the following to configure the <strong>Provider Details</strong>:\n<ul>\n<li><strong>Grant Type:</strong>  Authorization Code</li>\n<li><strong>Authorize Endpoint:</strong> [your Domino REST API API server]/oauth/authorization</li>\n<li><strong>Token Endpoint:</strong> [your Domino REST API API server]/oauth/token</li>\n<li><strong>Scope:</strong>  $DATA</li>\n</ul>\n<p>Enter the following under <strong>Client Details</strong>:\n<ul>\n<li><strong>Client Assertion Type:</strong> Basic authentication</li>\n<li>Expand <strong>Advanced</strong> and set <strong>Client Authentication Scheme</strong> to <strong>Form Param</strong></li>\n<li>Copy the <strong>Callback URL</strong>. This will be used in the next step when creating the Domino Rest API application. </li> \n</ul>\n<p>Note: Don't save the changes yet. We need to generate a client id and secret in the Domino REST API Admin console. </p>"
            }
        }
    }
}