{
    "kuid": "a0a1cet7-65a9-4ar7-a6u4-967a90n8",
    "id": "VoltMX.VoltFormulaSettings.convertFailed",
    "content": {
        "title": "Formula is not converted",
        "body": "<p>Notice that the formula does not get converted to javascript in the controller editor. </p>\n<ol>\n<li>Click on the Console tab at the bottom to open it.</li>\n<li>Scroll to the bottom and you will see the following warning message: <strong>VoltFormula conversion failed: Invalid formula.</strong>\n<br><br>\n<p>This is because the option to allow passthrough code in the formula has been disabled and the JSP expression entered in the formula editor is not valid formula language syntax.</p>\n</li>\n<li>Click in the Javascript editor to dismiss the Formula editor. </li>\n</ol>"
    },
    "pointer": {
        "direction": "right",
        "element": {
            "module": "console",
            "tabName": "console-head"
        },
        "type": "default"
    },
    "navigationType": "manual",
    "navigationBar": {
        "left": {
            "text": "Previous",
            "enable": true,
            "hide": false
        },
        "right": {
            "text": "Next",
            "enable": true,
            "hide": false
        }
    },
    "navigationCondition": "",
    "position": "BOTTOM_RIGHT",
    "meta": {
        "Creator": "Anonymous",
        "CreatedOn": "Mon, 05 Aug 2024 18:45:07 GMT"
    },
    "context": [],
    "localization": {
        "en-us": {
            "content": {
                "title": "Formula is not converted",
                "body": "<p>Notice that the formula does not get converted to javascript in the controller editor. </p>\n<ol>\n<li>Click on the Console tab at the bottom to open it.</li>\n<li>Scroll to the bottom and you will see the following warning message: <strong>VoltFormula conversion failed: Invalid formula.</strong>\n<br><br>\n<p>This is because the option to allow passthrough code in the formula has been disabled and the JSP expression entered in the formula editor is not valid formula language syntax.</p>\n</li>\n<li>Click in the Javascript editor to dismiss the Formula editor. </li>\n</ol>"
            }
        }
    }
}