{
    "kuid": "3591abt9-eea3-44r5-80ua-4a1e68nd",
    "id": "VoltMX.ConfiguringAccessToDomino.CreateObjSvc",
    "content": {
        "title": "Create an object service",
        "body": "<p>The object service will allow your Iris application to access data in the Demo Domino database. \n\n<ol>\n<li>Under <strong>Configure Services</strong> tab, click on <strong>Objects</strong> then click <strong>CONFIGURE NEW</strong>.</li>\n<li>Enter the following to configure the <strong>Provider Details</strong>:\n<ul>\n<li><strong>Name:</strong>  DemoObjectService</li>\n<li><strong>Endpoint Type:</strong> HCL Domino</li>\n<li><strong>Domino REST API Base URL:</strong> <pre>[your Domino REST API server]</pre></li>\n</ul>\n</li>\n<li>Select your Environment and click <strong>TEST CONNECTION</strong> and verify a Connection Successful message is shown. </li>\n<li>Under <strong>Authentication</strong>, select <strong>DemoAppIdService</strong></li>\n<li>Click on <strong>TEST LOGIN</strong> button and enter the credentials for the Domino Demo database. </li>\n<li>Verify a Test Login Successful message is shown. </li>\n<li>Click <strong>SAVE & CONFIGURE</strong> button to create the object service and show the configuration page. \n</ol>"
    },
    "pointer": {
        "direction": "left",
        "element": "",
        "type": "none"
    },
    "navigationType": "manual",
    "navigationBar": {
        "left": {
            "text": "Previous",
            "enable": true,
            "hide": false
        },
        "right": {
            "text": "Next",
            "enable": true,
            "hide": false
        }
    },
    "navigationCondition": "",
    "position": "CENTER",
    "meta": {
        "Creator": "admin admin",
        "CreatedOn": "Tue, 17 Sep 2024 17:47:30 GMT"
    },
    "context": [],
    "localization": {
        "en-us": {
            "content": {
                "title": "Create an object service",
                "body": "<p>The object service will allow your Iris application to access data in the Demo Domino database. \n\n<ol>\n<li>Under <strong>Configure Services</strong> tab, click on <strong>Objects</strong> then click <strong>CONFIGURE NEW</strong>.</li>\n<li>Enter the following to configure the <strong>Provider Details</strong>:\n<ul>\n<li><strong>Name:</strong>  DemoObjectService</li>\n<li><strong>Endpoint Type:</strong> HCL Domino</li>\n<li><strong>Domino REST API Base URL:</strong> <pre>[your Domino REST API server]</pre></li>\n</ul>\n</li>\n<li>Select your Environment and click <strong>TEST CONNECTION</strong> and verify a Connection Successful message is shown. </li>\n<li>Under <strong>Authentication</strong>, select <strong>DemoAppIdService</strong></li>\n<li>Click on <strong>TEST LOGIN</strong> button and enter the credentials for the Domino Demo database. </li>\n<li>Verify a Test Login Successful message is shown. </li>\n<li>Click <strong>SAVE & CONFIGURE</strong> button to create the object service and show the configuration page. \n</ol>"
            }
        }
    }
}