{
    "kuid": "c933f6t3-c7a3-43r5-92u1-e502a5n3",
    "id": "VoltMX.VoltFormulaSettings.run2",
    "content": {
        "title": "Live Preview",
        "body": "<ol>\n<li>From the <b>Live Preview Settings</b> window select the checkbox next to <strong>Clean Preview</strong>. This is needed to rebuild the app with the settings changes since we did not change the application code.</li>\n<li>Click <b>Save & Run</b>.<br/> The application will launch in a seperate  window.</li>\n</ol>"
    },
    "pointer": {
        "direction": "left",
        "element": "",
        "type": "none"
    },
    "navigationType": "manual",
    "navigationBar": {
        "left": {
            "text": "Previous",
            "enable": true,
            "hide": false
        },
        "right": {
            "text": "Next",
            "enable": true,
            "hide": false
        }
    },
    "navigationCondition": "",
    "position": "BOTTOM_RIGHT",
    "meta": {
        "Creator": "Anonymous",
        "CreatedOn": "Mon, 05 Aug 2024 18:09:41 GMT"
    },
    "context": [],
    "localization": {
        "en-us": {
            "content": {
                "title": "Live Preview",
                "body": "<ol>\n<li>From the <b>Live Preview Settings</b> window select the checkbox next to <strong>Clean Preview</strong>. This is needed to rebuild the app with the settings changes since we did not change the application code.</li>\n<li>Click <b>Save & Run</b>.<br/> The application will launch in a seperate  window.</li>\n</ol>"
            }
        }
    }
}