{
    "kuid": "a6cafctd-6ea1-49r0-acu5-079e76n4",
    "id": "VoltMX.CreateCustomFormulas.openAE",
    "content": {
        "title": "Update the click action",
        "body": "<p>Let's update the Login button to use the custom formula to validate the user.\n<ol>\n<li>In the project explorer expand <strong>Mobile > Forms</strong>  and click on <strong>frmLogin</strong> to open it. </li>\n<li>Click on the <strong>Login</strong> button in the form to select it.</li>\n<li>Right click on the Login Button and select <strong>Action: onClick</strong> to open the Action Editor. </li>\n</ol>"
    },
    "pointer": {
        "direction": "left",
        "element": "",
        "type": "none"
    },
    "navigationType": "manual",
    "navigationBar": {
        "left": {
            "text": "Previous",
            "enable": true,
            "hide": false
        },
        "right": {
            "text": "Next",
            "enable": true,
            "hide": false
        }
    },
    "navigationCondition": "",
    "position": "BOTTOM_LEFT",
    "meta": {
        "Creator": "Anonymous",
        "CreatedOn": "Mon, 19 Aug 2024 18:17:04 GMT"
    },
    "context": [],
    "localization": {
        "en-us": {
            "content": {
                "title": "Update the click action",
                "body": "<p>Let's update the Login button to use the custom formula to validate the user.\n<ol>\n<li>In the project explorer expand <strong>Mobile > Forms</strong>  and click on <strong>frmLogin</strong> to open it. </li>\n<li>Click on the <strong>Login</strong> button in the form to select it.</li>\n<li>Right click on the Login Button and select <strong>Action: onClick</strong> to open the Action Editor. </li>\n</ol>"
            }
        }
    }
}