{
    "kuid": "b56b6bt5-aaaa-44r8-8bue-9e4514n8",
    "id": "VoltMX.CreateCustomFormulas.updateAction",
    "content": {
        "title": "Update the click action",
        "body": "<p>Instead of calling the validate function in the form controller, we will use the custom formula to validate the format of the username.\n<ol>\n<li>Click on <strong>Add Snippet</strong> action and delete the line:\n<p style=\"background-color:lightyellow; padding-left: 2%\">formatValid = this.validate();\n</p></li>\n<li>Right click on the blank line in the code editor and select  <strong>Add Code From Formula</strong> to open the formula editor. </li>\n<li>In the formula editor enter the following code to invoke the new formula:\n<p style=\"background-color:lightyellow; padding-left: 2%\">\n&lt;%=<br>\nvar inputUser = this.view.usernameTextbox.text;<br>\n%&gt;<br>\nresults:=@validateUserFormat(inputUser);\n</p>\n<p>Notice the converted code now calls the validateUserFormat function in the Custom category. </p></li>\n<li>Click inside the code editor to dismiss the formula editor. </li>\n<li>Add the following code after the converted formula code to save the results:\n <p style=\"background-color:lightyellow; padding-left: 2%\">\nformatValid = results;\n</p></li>\n<li>Click the <strong>Save</strong> button to save the changes. </li>\n</ul>"
    },
    "pointer": {
        "direction": "left",
        "element": "",
        "type": "none"
    },
    "navigationType": "manual",
    "navigationBar": {
        "left": {
            "text": "Previous",
            "enable": true,
            "hide": false
        },
        "right": {
            "text": "Next",
            "enable": true,
            "hide": false
        }
    },
    "navigationCondition": "",
    "position": "BOTTOM_LEFT",
    "meta": {
        "Creator": "Anonymous",
        "CreatedOn": "Mon, 19 Aug 2024 18:29:43 GMT"
    },
    "context": [],
    "localization": {
        "en-us": {
            "content": {
                "title": "Update the click action",
                "body": "<p>Instead of calling the validate function in the form controller, we will use the custom formula to validate the format of the username.\n<ol>\n<li>Click on <strong>Add Snippet</strong> action and delete the line:\n<p style=\"background-color:lightyellow; padding-left: 2%\">formatValid = this.validate();\n</p></li>\n<li>Right click on the blank line in the code editor and select  <strong>Add Code From Formula</strong> to open the formula editor. </li>\n<li>In the formula editor enter the following code to invoke the new formula:\n<p style=\"background-color:lightyellow; padding-left: 2%\">\n&lt;%=<br>\nvar inputUser = this.view.usernameTextbox.text;<br>\n%&gt;<br>\nresults:=@validateUserFormat(inputUser);\n</p>\n<p>Notice the converted code now calls the validateUserFormat function in the Custom category. </p></li>\n<li>Click inside the code editor to dismiss the formula editor. </li>\n<li>Add the following code after the converted formula code to save the results:\n <p style=\"background-color:lightyellow; padding-left: 2%\">\nformatValid = results;\n</p></li>\n<li>Click the <strong>Save</strong> button to save the changes. </li>\n</ul>"
            }
        }
    }
}