<?xml version="1.0"?>
<Hike kuid="7748bdt6-36a4-42r1-b2u4-3d0d5dnc" id="VoltMX.VoltFormulaSettings" title="VoltMX.VoltFormulaSettings">
    <Description>Discover the settings used to control VoltFormula.</Description>
    <Meta>
        <Creator>admin admin</Creator>
        <CreatedOn>Tue, 30 Jul 2024 18:13:51 GMT</CreatedOn>
    </Meta>
    <Hikecard id="VoltMX.VoltFormulaSettings.Intro"/>
    <Hikecard id="VoltMX.VoltFormulaSettings.open"/>
    <Hikecard id="VoltMX.VoltFormulaSettings.projSettings"/>
    <Hikecard id="VoltMX.VoltFormulaSettings.apiImpl"/>
    <Hikecard id="VoltMX.VoltFormulaSettings.intellisense"/>
    <Hikecard id="VoltMX.VoltFormulaSettings.passthrough"/>
    <Hikecard id="VoltMX.VoltFormulaSettings.funcConvert"/>
    <Hikecard id="VoltMX.VoltFormulaSettings.convertDelay"/>
    <Hikecard id="VoltMX.VoltFormulaSettings.version"/>
    <Hikecard id="VoltMX.VoltFormulaSettings.save"/>
    <Hikecard id="VoltMX.VoltFormulaSettings.validate"/>
    <Hikecard id="VoltMX.VoltFormulaSettings.viewIntellisense"/>
    <Hikecard id="VoltMX.VoltFormulaSettings.addFormula"/>
    <Hikecard id="VoltMX.VoltFormulaSettings.convertFailed"/>
    <Hikecard id="VoltMX.VoltFormulaSettings.enablePassthrough"/>
    <Hikecard id="VoltMX.VoltFormulaSettings.addFormula2"/>
    <Hikecard id="VoltMX.VoltFormulaSettings.openAE"/>
    <Hikecard id="VoltMX.VoltFormulaSettings.addVariable"/>
    <Hikecard id="VoltMX.VoltFormulaSettings.addSnippet"/>
    <Hikecard id="VoltMX.VoltFormulaSettings.ifCondition"/>
    <Hikecard id="VoltMX.VoltFormulaSettings.indentFormula"/>
    <Hikecard id="VoltMX.VoltFormulaSettings.elseCondition"/>
    <Hikecard id="VoltMX.VoltFormulaSettings.aeValidate"/>
    <Hikecard id="VoltMX.VoltFormulaSettings.build2"/>
    <Hikecard id="VoltMX.VoltFormulaSettings.viewWithError"/>
    <Hikecard id="VoltMX.VoltFormulaSettings.switchToNotes"/>
    <Hikecard id="VoltMX.VoltFormulaSettings.build3"/>
    <Hikecard id="VoltMX.VoltFormulaSettings.run2"/>
    <Hikecard id="VoltMX.VoltFormulaSettings.viewFixed"/>
    <Hikecard id="VoltMX.VoltFormulaSettings.last"/>
</Hike>