{
    "kuid": "af175at8-ccad-41ra-a9ua-fa2b3bn7",
    "id": "VoltMX.VoltFormulaSettings.Intro",
    "content": {
        "title": "Using VoltFormula Settings",
        "body": "<p>In this hike, we explore the VoltFormula project settings and see how they can be used to affect the behavior of VoltFormula. \n</br></br>\n<p>Before you get started, complete the hike: \n<ol>\n<li><a class=\"tour-link\" tour=\"a7b349t2-bba0-47r6-93u9-77fa34n8\"> Introduction to VoltFormula</a></li>\n</ol></br>\n<p><strong>When you are ready, click Start!</strong>"
    },
    "pointer": {
        "direction": "left",
        "element": "",
        "type": "none"
    },
    "navigationType": "manual",
    "navigationBar": {
        "left": {
            "text": "Previous",
            "enable": false,
            "hide": true
        },
        "right": {
            "text": "Start",
            "enable": true,
            "hide": false
        }
    },
    "navigationCondition": "",
    "position": "CENTER",
    "meta": {
        "Creator": "admin admin",
        "CreatedOn": "Tue, 30 Jul 2024 17:44:11 GMT"
    },
    "context": [],
    "localization": {
        "en-us": {
            "content": {
                "title": "Using VoltFormula Settings",
                "body": "<p>In this hike, we explore the VoltFormula project settings and see how they can be used to affect the behavior of VoltFormula. \n</br></br>\n<p>Before you get started, complete the hike: \n<ol>\n<li><a class=\"tour-link\" tour=\"a7b349t2-bba0-47r6-93u9-77fa34n8\"> Introduction to VoltFormula</a></li>\n</ol></br>\n<p><strong>When you are ready, click Start!</strong>"
            },
            "navigationBar": {
                "right": {
                    "text": "Start"
                }
            }
        }
    }
}