{
    "kuid": "854c4at9-c4a7-4ar1-88ud-54c0aana",
    "id": "VoltMX.CreateCustomFormulas.Define",
    "content": {
        "title": "Define the custom formula",
        "body": "<p>Custom formulas are defined in a json file with an array of objects. Each object defines the custom formula name, language, category, and code to execute. See <a href=\"#\" onClick='javascript:openURL(\"https://opensource.hcltechsw.com/voltmxgo-documentation/topicguides/extendrosettapi.html\")'>Extending the Rosetta API</a> for more information.</p>\n<br>\n<p>We will define a single formula to validate the format of the input user name. It will extend the Notes formula language and it will be added to a custom category. \n</p>\n<ol>\n<li>Create a text file in a text editor with the following content: <p style=\"background-color:lightyellow; padding-left: 2%\">\n[{<br>\n&nbsp;&nbsp;&nbsp;&nbsp;'name': 'validateUserFormat',<br>\n &nbsp;&nbsp;&nbsp;&nbsp;'lang': 'notes',<br>\n&nbsp;&nbsp;&nbsp;&nbsp;'cat': 'Custom',<br>\n&nbsp;&nbsp;&nbsp;&nbsp;'code': function (inputUser) {<br>\n&nbsp;&nbsp;&nbsp;&nbsp;&nbsp;&nbsp;return voltmx.rosettajs.Text.right(inputUser, \"@\") === \"woodburn.com\";<br>\n&nbsp;&nbsp;&nbsp;&nbsp;}<br>\n&nbsp;&nbsp;}]<br>\n</p></li>\n<li>Save the file with the <strong>json</strong> extension.</li>\n</ol>"
    },
    "pointer": {
        "direction": "left",
        "element": "",
        "type": "none"
    },
    "navigationType": "manual",
    "navigationBar": {
        "left": {
            "text": "Previous",
            "enable": true,
            "hide": false
        },
        "right": {
            "text": "Next",
            "enable": true,
            "hide": false
        }
    },
    "navigationCondition": "",
    "position": "TOP_RIGHT",
    "meta": {
        "Creator": "Anonymous",
        "CreatedOn": "Mon, 19 Aug 2024 15:05:45 GMT"
    },
    "context": [],
    "localization": {
        "en-us": {
            "content": {
                "title": "Define the custom formula",
                "body": "<p>Custom formulas are defined in a json file with an array of objects. Each object defines the custom formula name, language, category, and code to execute. See <a href=\"#\" onClick='javascript:openURL(\"https://opensource.hcltechsw.com/voltmxgo-documentation/topicguides/extendrosettapi.html\")'>Extending the Rosetta API</a> for more information.</p>\n<br>\n<p>We will define a single formula to validate the format of the input user name. It will extend the Notes formula language and it will be added to a custom category. \n</p>\n<ol>\n<li>Create a text file in a text editor with the following content: <p style=\"background-color:lightyellow; padding-left: 2%\">\n[{<br>\n&nbsp;&nbsp;&nbsp;&nbsp;'name': 'validateUserFormat',<br>\n &nbsp;&nbsp;&nbsp;&nbsp;'lang': 'notes',<br>\n&nbsp;&nbsp;&nbsp;&nbsp;'cat': 'Custom',<br>\n&nbsp;&nbsp;&nbsp;&nbsp;'code': function (inputUser) {<br>\n&nbsp;&nbsp;&nbsp;&nbsp;&nbsp;&nbsp;return voltmx.rosettajs.Text.right(inputUser, \"@\") === \"woodburn.com\";<br>\n&nbsp;&nbsp;&nbsp;&nbsp;}<br>\n&nbsp;&nbsp;}]<br>\n</p></li>\n<li>Save the file with the <strong>json</strong> extension.</li>\n</ol>"
            }
        }
    }
}