{
    "kuid": "60b8f4t2-08ae-4drd-a4u1-af6b64ne",
    "id": "VoltMX.CreateCustomFormulas.Intro",
    "content": {
        "title": "Creating a Custom Formula",
        "body": "<p>In this hike we explore how to add a custom formula so that it can be using in your applications. </p>\n<br>Before you get started, complete the hike: \n<ol>\n<li><a class=\"tour-link\" tour=\"258261tb-dfa8-4are-a7u7-a86708n0\">VoltFormula Settings</a></li>\n</ol></br>\n<p><strong>When you are ready, click Start!</strong>"
    },
    "pointer": {
        "direction": "left",
        "element": "",
        "type": "none"
    },
    "navigationType": "manual",
    "navigationBar": {
        "left": {
            "text": "Previous",
            "enable": false,
            "hide": true
        },
        "right": {
            "text": "Start",
            "enable": true,
            "hide": false
        }
    },
    "navigationCondition": "",
    "position": "CENTER",
    "meta": {
        "Creator": "Anonymous",
        "CreatedOn": "Mon, 19 Aug 2024 14:55:38 GMT"
    },
    "context": [],
    "localization": {
        "en-us": {
            "content": {
                "title": "Creating a Custom Formula",
                "body": "<p>In this hike we explore how to add a custom formula so that it can be using in your applications. </p>\n<br>Before you get started, complete the hike: \n<ol>\n<li><a class=\"tour-link\" tour=\"258261tb-dfa8-4are-a7u7-a86708n0\">VoltFormula Settings</a></li>\n</ol></br>\n<p><strong>When you are ready, click Start!</strong>"
            },
            "navigationBar": {
                "right": {
                    "text": "Start"
                }
            }
        }
    }
}