{
    "kuid": "ce3b6ct5-54ae-4fr5-adu2-057532na",
    "id": "VoltMX.IntroVoltFormula.convertedCode2",
    "content": {
        "title": "The converted formula code",
        "body": "<ol><li>Click inside the <strong>frmLoginController</strong> editor to dismiss the formula editor.</li><li>You will see the converted code in the validate function between a begin and end comment.</li><li>Do not modify this code directly in the controller editor. You should right click anywhere between the begin and end comment and select <strong>Edit Formula Code</strong> to change the formula code in the formula editor.</li></ol>"
    },
    "pointer": {
        "direction": "left",
        "element": {
            "module": "appcanvas",
            "paneId": "ac-area-one"
        },
        "type": "default"
    },
    "navigationType": "manual",
    "navigationBar": {
        "left": {
            "text": "Previous",
            "enable": true,
            "hide": false
        },
        "right": {
            "text": "Next",
            "enable": true,
            "hide": false
        }
    },
    "navigationCondition": "",
    "position": "BOTTOM_RIGHT",
    "meta": {
        "Creator": "Anonymous",
        "CreatedOn": "Tue, 23 Jul 2024 18:08:45 GMT"
    },
    "context": [],
    "localization": {
        "en-us": {
            "content": {
                "title": "The converted formula code",
                "body": "<ol><li>Click inside the <strong>frmLoginController</strong> editor to dismiss the formula editor.</li><li>You will see the converted code in the validate function between a begin and end comment.</li><li>Do not modify this code directly in the controller editor. You should right click anywhere between the begin and end comment and select <strong>Edit Formula Code</strong> to change the formula code in the formula editor.</li></ol>"
            }
        }
    }
}