{
    "kuid": "c3d9c2tb-72a0-42r4-83ud-2ca9a2na",
    "id": "VoltMX.AddingDominoAccessforVoltForm.BldDetailsUI1",
    "content": {
        "title": "Build the Customers Details UI",
        "body": "<ol>\n<li>In the Project Explorer, select <b>frmCustomerDetails</b> under <strong>Forms</strong>.</li>\n<li>From the bottom-left of Iris, navigate to the <b>Default Library</b>.</li>\n<li>Next to the <b>Default Library</b>, you will see the <b>My Libraries</b> tab and a search icon. Click the search icon 🔍.</li>\n<li>In the search bar that appears, enter <b>ContactDetails</b>.</li>\n<li>From the results, drag and drop the <b>ContactDetails</b> component onto the <b>frmCustomerDetails</b> form on your canvas.</li>\n</ol>"
    },
    "pointer": {
        "direction": "left",
        "element": "",
        "type": "none"
    },
    "navigationType": "manual",
    "navigationBar": {
        "left": {
            "text": "Previous",
            "enable": true,
            "hide": false
        },
        "right": {
            "text": "Next",
            "enable": true,
            "hide": false
        }
    },
    "navigationCondition": "",
    "position": "BOTTOM_RIGHT",
    "meta": {
        "Creator": "admin admin",
        "CreatedOn": "Mon, 30 Sep 2024 20:39:24 GMT"
    },
    "context": [],
    "localization": {
        "en-us": {
            "content": {
                "title": "Build the Customers Details UI",
                "body": "<ol>\n<li>In the Project Explorer, select <b>frmCustomerDetails</b> under <strong>Forms</strong>.</li>\n<li>From the bottom-left of Iris, navigate to the <b>Default Library</b>.</li>\n<li>Next to the <b>Default Library</b>, you will see the <b>My Libraries</b> tab and a search icon. Click the search icon 🔍.</li>\n<li>In the search bar that appears, enter <b>ContactDetails</b>.</li>\n<li>From the results, drag and drop the <b>ContactDetails</b> component onto the <b>frmCustomerDetails</b> form on your canvas.</li>\n</ol>"
            }
        }
    }
}