{
    "kuid": "7a31c1ta-42a2-48r1-b2ue-8a48b9na",
    "id": "VoltMX.VoltFormulaSettings.open",
    "content": {
        "title": "Open the project",
        "body": "<ol>\n<li>Navigate to <strong>Project</strong> &gt; <strong>Open</strong> &gt; <strong>HCL Reference Architecture</strong> &gt; <strong>VoltMXJavaS</strong> to open the javascript project.</li>\n<li>Click on the <strong>Design</strong> tab to open the <b>Project</b> explorer.</li>\n</ol>"
    },
    "pointer": {
        "direction": "left",
        "element": "",
        "type": "none"
    },
    "navigationType": "manual",
    "navigationBar": {
        "left": {
            "text": "Previous",
            "enable": true,
            "hide": false
        },
        "right": {
            "text": "Next",
            "enable": true,
            "hide": false
        }
    },
    "navigationCondition": "",
    "position": "BOTTOM_RIGHT",
    "meta": {
        "Creator": "Anonymous",
        "CreatedOn": "Wed, 24 Jul 2024 17:50:31 GMT"
    },
    "context": [],
    "localization": {
        "en-us": {
            "content": {
                "title": "Open the project",
                "body": "<ol>\n<li>Navigate to <strong>Project</strong> &gt; <strong>Open</strong> &gt; <strong>HCL Project Architecture</strong> &gt; <strong>VoltMXJavaS</strong> to opend the javascript project.</li>\n<li>Click on the <strong>Design</strong> tab to open the <b>Project</b> explorer.</li>\n</ol>"
            }
        }
    }
}