{
    "kuid": "fa2964t5-c0a9-4br7-abu9-0c6b40nf",
    "id": "VoltMX.AddingDominoAccessforVoltForm.FillDetails",
    "content": {
        "title": "Fill in the customer details",
        "body": "<p>Now you will use VoltFormula to fill in the customer details. When the customer detail form is shown, \nthe customer record in the Domino database is the selected document so we can use formulas against the document to retrieve values.</p>\n<ol>\n<li>In the Project Explorer, select <b>frmCustomerDetails</b> under <strong>Forms</strong>.</li>\n<li>In the <b>PROPERTIES</b> tab on the right click on <b>Action</b>.</li> \n<li>Click on the <b>Edit</b> button beside <b>onMapping</b> to open the action editor.</li>\n</ol>"
    },
    "pointer": {
        "direction": "left",
        "element": "",
        "type": "none"
    },
    "navigationType": "manual",
    "navigationBar": {
        "left": {
            "text": "Previous",
            "enable": true,
            "hide": false
        },
        "right": {
            "text": "Next",
            "enable": true,
            "hide": false
        }
    },
    "navigationCondition": "",
    "position": "BOTTOM_LEFT",
    "meta": {
        "Creator": "admin admin",
        "CreatedOn": "Mon, 30 Sep 2024 20:40:57 GMT"
    },
    "context": [],
    "localization": {
        "en-us": {
            "content": {
                "title": "Fill in the customer details",
                "body": "<p>Now you will use VoltFormula to fill in the customer details. When the customer detail form is shown, \nthe customer record in the Domino database is the selected document so we can use formulas against the document to retrieve values.</p>\n<ol>\n<li>In the Project Explorer, select <b>frmCustomerDetails</b> under <strong>Forms</strong>.</li>\n<li>In the <b>PROPERTIES</b> tab on the right click on <b>Action</b>.</li> \n<li>Click on the <b>Edit</b> button beside <b>onMapping</b> to open the action editor.</li>\n</ol>"
            }
        }
    }
}