{
    "kuid": "5012dct8-cda0-4er6-a7uf-096faenb",
    "id": "VoltMX.VoltFormulaSettings.openAE",
    "content": {
        "title": "Open the action editor",
        "body": "<p>Let's see how the other setting changes we made affect VoltFormula. \n<ol>\n<li>In the project explorer expand <strong>Mobile > Forms</strong>  and click on <strong>frmLogin</strong> to open it. </li>\n<li>Click on the <strong>Login</strong> button in the form to select it.</li>\n<li>Right click on the Login Button and select <strong>Action: onClick</strong> to open the Action Editor. </li>\n</ol>"
    },
    "pointer": {
        "direction": "left",
        "element": "",
        "type": "none"
    },
    "navigationType": "manual",
    "navigationBar": {
        "left": {
            "text": "Previous",
            "enable": true,
            "hide": false
        },
        "right": {
            "text": "Next",
            "enable": true,
            "hide": false
        }
    },
    "navigationCondition": "",
    "position": "BOTTOM_RIGHT",
    "meta": {
        "Creator": "Anonymous",
        "CreatedOn": "Wed, 07 Aug 2024 14:57:08 GMT"
    },
    "context": [],
    "localization": {
        "en-us": {
            "content": {
                "title": "Open the action editor",
                "body": "<p>Let's see how the other setting changes we made affect VoltFormula. \n<ol>\n<li>In the project explorer expand <strong>Mobile > Forms</strong>  and click on <strong>frmLogin</strong> to open it. </li>\n<li>Click on the <strong>Login</strong> button in the form to select it.</li>\n<li>Right click on the Login Button and select <strong>Action: onClick</strong> to open the Action Editor. </li>\n</ol>"
            }
        }
    }
}