{
    "kuid": "c31bactc-6eaf-4ar8-aeu8-cf77bdnf",
    "id": "VoltMX.ConfiguringAccessToDomino.VerifySvcs",
    "content": {
        "title": "Import Services in Iris",
        "body": "<p>Let's verify the services show up in our Iris app. </p>\n<ol>\n<li>In Iris under <strong>DATA & SERVICES</strong> click the <strong>Refresh</strong> button.</li>\n<li>Expand <strong>PROJECT SERVICES</strong> and you should see the <strong>DemoAppIdService</strong> and <strong>DemoObjectService</strong> show.</li>\n</ol>"
    },
    "pointer": {
        "direction": "left",
        "element": "",
        "type": "none"
    },
    "navigationType": "manual",
    "navigationBar": {
        "left": {
            "text": "Previous",
            "enable": true,
            "hide": false
        },
        "right": {
            "text": "Next",
            "enable": true,
            "hide": false
        }
    },
    "navigationCondition": "",
    "position": "CENTER",
    "meta": {
        "Creator": "admin admin",
        "CreatedOn": "Wed, 18 Sep 2024 19:45:58 GMT"
    },
    "context": [],
    "localization": {
        "en-us": {
            "content": {
                "title": "Import Services in Iris",
                "body": "<p>Let's verify the services show up in our Iris app. </p>\n<ol>\n<li>In Iris under <strong>DATA & SERVICES</strong> click the <strong>Refresh</strong> button.</li>\n<li>Expand <strong>PROJECT SERVICES</strong> and you should see the <strong>DemoAppIdService</strong> and <strong>DemoObjectService</strong> show.</li>\n</ol>"
            }
        }
    }
}