{
  "Card.VoltMX.IntroVoltFormula.Intro": {
    "content": {
      "title": "Introduction to VoltFormula",
      "body": "<p>In this hike, we will:\n<ul>\n<li>Use Notes formulas in a controller to validate the success and failure scenerios for a login form.</li>\n<li>Use Notes formulas in the action editor to validate the success and failure scenerios for a login form.</li></ul></br>\n<p>Before you get started, complete the hike: \n<ol>\n<li><a class=\"tour-link\" tour=\"7a7e14td-bda1-4fr1-bbu6-26a503nb\"> Introduction to Volt MX JavaScript</a></li>\n</ol></br>\n<p><strong>When you are ready, click Start!</strong>"
    }
  },
  "Card.VoltMX.IntroVoltFormula.open": {
    "content": {
      "title": "Open the project",
      "body": "<ol>\n<li>Navigate to <strong>Project</strong> &gt; <strong>Open</strong> &gt; <strong>HCL Project Architecture</strong> &gt; <strong>VoltMXJavaS</strong> to opend the javascript project.</li>\n<li>Click on the <strong>Design</strong> tab to open the <b>Project</b> explorer.</li>\n</ol>"
    }
  },
  "Card.VoltMX.IntroVoltFormula.openController": {
    "content": {
      "title": "Open the form's controller",
      "body": "<ol>\n<li>In the <b>Project</b> explorer, expand <strong> Mobile</strong> &gt; <strong>Controllers</strong>, and select <strong>frmLoginController</strong>. <br /> The Controller file contains the code that manipulates the data and updates the user interface.</li>\n</ol>"
    }
  },
  "Card.VoltMX.IntroVoltFormula.validate": {
    "content": {
      "title": "Update the validate function",
      "body": "<ol>\n<li>Delete the code inside the <b>validate</b> function.</li>\n<li>The <strong>validate</strong> function should look like this: <br />\n<p style=\"background-color: lightyellow; padding-left: 2%;\">validate: function(){<br /><br /> },</p>\n</li>\n</ol>"
    }
  },
  "Card.VoltMX.IntroVoltFormula.addFormula": {
    "content": {
      "title": "Add the formula to validate the input",
      "body": "<ol>\n<li>Right click on the empty line inside the <b>validate</b> function.</li>\n<li>From the context menu click on <b>Add Code From Formula</b></li>\n<li>The formula editor will open.below the controller editor.</li>\n<li>Copy and paste the folloiwng formula inside the formula editor:\n<p style=\"background-color:lightyellow; padding-left: 2%\">\n&lt;%=\n<br/>var inputName = this.view.usernameTextbox.text;\n<br>var inputPassword = this.view.passwordTextbox.text;\nvar validName = this.Usrname;\nvar validPassword = this.Psword;\n%&gt;\n\n@if(inputName=validName& inputPassword=validPassword;@Prompt([OK];\"Success!\";\"Login was successful\");\n@Prompt([OK];\"Failed\";\"Credentials are not valid\"));\n</p>\n</li>\n</ol>"
    }
  },
  "Card.VoltMX.IntroVoltFormula.convertedCode1": {
    "content": {
      "title": "Converting the  formula code",
      "body": "<ul>\n<li>In the formula you enter, you can enclose javascript code with <strong>JSP style syntax</strong> (&lt;% &gt;). This will expose any javascript variables defined in the <strong>JSP expression</strong> to the formula code. In our example this allows the formula code to access the contents of the username and password text boxes as well as the stored username and password. </li>\n<li>The formula will automatically be converted to javascript in the controller at the place you selected <strong>Add Code From Formula</strong>.</li>"
    }
  },
  "Card.VoltMX.IntroVoltFormula.convertedCode2": {
    "content": {
      "title": "The converted formula code",
      "body": "<ol><li>Click inside the <strong>frmLoginController</strong> editor to dismiss the formula editor.</li><li>You will see the converted code in the validate function between a begin and end comment.</li><li>Do not modify this code directly in the controller editor. You should right click anywhere between the begin and end comment and select <strong>Edit Formula Code</strong> to change the formula code in the formula editor.</li></ol>"
    }
  },
  "Card.VoltMX.IntroVoltFormula.settingPre": {
    "content": {
      "title": "Settings for Live Preview",
      "body": "<ol><li>From the main menu, select <b>Build</b>.</li>\n<li>Click <b>Live Preview Settings</b>.</li>"
    }
  },
  "Card.VoltMX.IntroVoltFormula.run": {
    "content": {
      "title": "Live Preview",
      "body": "<ol><li>From the <b>Live Preview Settings</b> window, under <b>Adaptive Web</b>, select the checkboxes next to the OS of the mobile platform on which you are going to view the app. <br/>For example: <b>iOS </b> and <b>Android</b>.<br/>Make sure you have unselected all the other platforms and channels.</li>\n<li>Click <b>Save & Run</b>.<br/> The application will launch in a seperate  window.</ol>"
    }
  },
  "Card.VoltMX.IntroVoltFormula.view": {
    "content": {
      "title": "View the App",
      "body": "<ol>\n<li>In the <b>Volt MX App</b> window, Use these login credentials:<ul><li>\nUsername: <b>john.doe@woodburn.com</b></li>\n<li>Password: <b>VoltMX@123</b></ul></li>\n<li>Also try entering invalid credentials.</li>\n<li>To <b>Exit</b>, close the preview window.</li>\n</ol>"
    }
  },
  "Card.VoltMX.IntroVoltFormula.ActionIntro": {
    "content": {
      "title": "Using the Action Editor",
      "body": "<p>Now let's use the action editor to perform the same function. \n<ul>\n<li>The action editor allows you to attach actions for events that occur on certain elements..</li>\n<li>You will change the app to use a formula action when the <strong>Login</strong> button is clicked.</li>\n</ul>"
    }
  },
  "Card.VoltMX.IntroVoltFormula.controllerRemove": {
    "content": {
      "title": "Remove the controller validate code",
      "body": "<p>Since you will be using an action to validate the credentials, the validation code in the controller will not be needed. \n<p>Remove the <strong>validate</strong> and <strong>onNavigate</strong> functions from the controller.\n<p>The controller code will now look like this: :<br/>\n<p style=\"background-color:lightyellow; padding-left: 5%\">\ndefine({ <br/>\nUsrname: \"john.doe@woodburn.com\",<br/>\nPsword: \"VoltMX@123\",<br/>\n });\n</p>"
    }
  },
  "Card.VoltMX.IntroVoltFormula.aeOpen": {
    "content": {
      "title": "Open the Action Editor",
      "body": "<ol>\n<li>In the <b>Project</b> explorer, expand <strong> Mobile</strong> &gt; <strong>Forms</strong>, and select <strong>frmLogin</strong>.</li>\n<li>Select the <strong>Login button</strong>, then right click on it and select <strong>Action: onClick</strong>.</li>\n<li>The action editor will open. </li>\n</ol>"
    }
  },
  "Card.VoltMX.IntroVoltFormula.aeAdd": {
    "content": {
      "title": "Add a formula action",
      "body": "<p>The available actions are located on the left side.\n<ol>\n<li>Click on the search bar at the top and type <strong>formula</strong></li>\n<li>Click on the <strong>Add Formula</strong> action.\n<p>The <strong>Add Formula</strong> action allows you to add a code snippet from a formula that will be executed when the <strong>Login</strong> button is clicked.</li>\n</ol>"
    }
  },
  "Card.VoltMX.IntroVoltFormula.aeAdd2": {
    "content": {
      "title": "Enter the formula",
      "body": "<p>You will now enter the formula that will be executed when the Login button is clicked:\n<ol>\n<li>On the right side, a <strong>code snippet</strong> window is opened at the top and the <strong>Formula editor</strong> is opened at the bottom.</li>\n<li>Copy and paste the following formula code to the <strong>Formula editor</strong> window:\n<p style=\"background-color:lightyellow; padding-left: 2%\">\n&lt;%=\n<br/>var inputName = this.view.usernameTextbox.text;\n<br>var inputPassword = this.view.passwordTextbox.text;\n<br/>var validName = this.Usrname;\n<br/>var validPassword = this.Psword;\n<br/>%&gt;\n<br/>\n<br/>@if(inputName=validName& inputPassword=validPassword;@Prompt([OK];\"Success!\";\"Login was successful\");\n<br/>@Prompt([OK];\"Failed\";\"Credentials are not valid\"));\n<br/></p>\n</li>\n</ol>"
    }
  },
  "Card.VoltMX.IntroVoltFormula.aeSave": {
    "content": {
      "body": "<ul>\n<li>The converted javascript code for the formula will appear between a <strong>begin</strong> and <strong>end</strong> comments in the <strong>code snippet</strong> window above the <strong>Formula editor</strong>. Do no change the javascript code directly, always using the <strong>Formula editor</strong> when changing code converted from a formula. </li>\n<li>Click the  <strong>Save</strong> button to save these changes. </li>\n</ul>",
      "title": "Save the changes"
    }
  },
  "Card.VoltMX.IntroVoltFormula.aeBuild": {
    "content": {
      "title": "Build and run the Live Preview",
      "body": "<ol><li>From the main menu, select <b>Build</b>.</li>\n<li>Click <b>Run Live Preview</b>.</li>"
    }
  },
  "Card.VoltMX.IntroVoltFormula.aeView": {
    "content": {
      "title": "View the App",
      "body": "<ol>\n<li>In the <b>Volt MX App</b> window, Use these login credentials:<ul><li>\nUsername: <b>john.doe@woodburn.com</b></li>\n<li>Password: <b>VoltMX@123</b></ul></li>\n<li>Also try entering invalid credentials.</li>\n<li>To <b>Exit</b>, close the preview window.</li>\n</ol>"
    }
  },
  "Card.VoltMX.IntroVoltFormula.last": {
    "content": {
      "title": "Congratulations",
      "body": "<p>You have successfully:</p>\n<ul>\n<li><strong>Modified a Login form's controller to use a Notes Formula to generate code for validating the success and failure scenarios for login.</strong></li>\n<li><strong>Attached an action to the form's  Login button that uses a Notes Formula to generate code for validating the success and failure scenarios for login.</strong></li>\n<li><strong>Launched the app preview and tested both the success and failure scenarios</strong></li>\n</ul>"
    }
  }
}