{
    "kuid": "97894dtd-99ad-44rc-86uc-d532b9n3",
    "id": "VoltMX.AddingDominoAccessforVoltForm.FillDetails3",
    "content": {
        "title": "Fill in the customer details",
        "body": "<ol>\n<li>From the left menu under <strong>FUNCTION</strong>, click on <strong>Add Snippet</strong>.</li>\n<li>In the snippet editor on the right panel copy and paste the following code to set the values retrieved from the formulas to the labels in the form:\n<p style=\"background-color: lightyellow; padding-left: 2%;\">\nthis.view.lblFNameValue.text = firstName || 'Unknown';<br>\nthis.view.lblLastNameValue.text = lastName || 'Unkown';<br>\nthis.view.lblEmailID.text = email || 'None';<br>\nthis.view.lblGenderValue.text = gender || 'Unknown';<br>\nthis.view.lblPetValue.text = pet || 'None';<br>\nthis.view.lblColorValue.text = color || 'None';<br>\n</p></li>\n<li>Click on the <strong>Save</strong> button to save the changes. </li>\n</lo>"
    },
    "pointer": {
        "direction": "left",
        "element": "",
        "type": "none"
    },
    "navigationType": "manual",
    "navigationBar": {
        "left": {
            "text": "Previous",
            "enable": true,
            "hide": false
        },
        "right": {
            "text": "Next",
            "enable": true,
            "hide": false
        }
    },
    "navigationCondition": "",
    "position": "BOTTOM_LEFT",
    "meta": {
        "Creator": "admin admin",
        "CreatedOn": "Tue, 01 Oct 2024 19:50:25 GMT"
    },
    "context": [],
    "localization": {
        "en-us": {
            "content": {
                "title": "Fill in the customer details",
                "body": "<ol>\n<li>From the left menu under <strong>FUNCTION</strong>, click on <strong>Add Snippet</strong>.</li>\n<li>In the snippet editor on the right panel copy and paste the following code to set the values retrieved from the formulas to the labels in the form:\n<p style=\"background-color: lightyellow; padding-left: 2%;\">\nthis.view.lblFNameValue.text = firstName || 'Unknown';<br>\nthis.view.lblLastNameValue.text = lastName || 'Unkown';<br>\nthis.view.lblEmailID.text = email || 'None';<br>\nthis.view.lblGenderValue.text = gender || 'Unknown';<br>\nthis.view.lblPetValue.text = pet || 'None';<br>\nthis.view.lblColorValue.text = color || 'None';<br>\n</p></li>\n<li>Click on the <strong>Save</strong> button to save the changes. </li>\n</lo>"
            }
        }
    }
}