{
    "kuid": "7e2a23t1-ddad-48ra-beu6-54a8ean6",
    "id": "VoltMX.VoltFormulaSettings.aeValidate",
    "content": {
        "title": "Validate and save the sequence",
        "body": "<ol>\n<li>Click <strong>Validate Sequence</strong> button at the top and verify you get a positive response. </li>\n<li>Click <strong>Save</strong> to save your changes.</li></ol>"
    },
    "pointer": {
        "direction": "left",
        "element": "",
        "type": "none"
    },
    "navigationType": "manual",
    "navigationBar": {
        "left": {
            "text": "Previous",
            "enable": true,
            "hide": false
        },
        "right": {
            "text": "Next",
            "enable": true,
            "hide": false
        }
    },
    "navigationCondition": "",
    "position": "BOTTOM_LEFT",
    "meta": {
        "Creator": "Anonymous",
        "CreatedOn": "Wed, 07 Aug 2024 19:51:46 GMT"
    },
    "context": [],
    "localization": {
        "en-us": {
            "content": {
                "title": "Validate and save the sequence",
                "body": "<ol>\n<li>Click <strong>Validate Sequence</strong> button at the top and verify you get a positive response. </li>\n<li>Click <strong>Save</strong> to save your changes.</li></ol>"
            }
        }
    }
}