{
    "kuid": "5d47betb-cfab-4drd-86u5-15db36nd",
    "id": "VoltMX.VoltFormulaSettings.addFormula",
    "content": {
        "title": "Add Validation formula",
        "body": "<ol>\n<li>Delete the <strong>@</strong> in the formula editor. </li>\n<li>Copy and paste the following formula  to the formula editor:\n<p style=\"background-color:lightyellow; padding-left: 2%\">\n&lt;%=\nvar inputUser = this.view.usernameTextbox.text;<br>\n%&gt;\n<br>\n@If(@Right(inputUser;\"@\")=\"woodburn.com\"; @True; @False);\n</p>\n</li>\n</ol>"
    },
    "pointer": {
        "direction": "left",
        "element": {
            "css_selector": "textarea[id$='-formula'] + div[class~='CodeMirror']"
        },
        "type": "default"
    },
    "navigationType": "manual",
    "navigationBar": {
        "left": {
            "text": "Previous",
            "enable": true,
            "hide": false
        },
        "right": {
            "text": "Next",
            "enable": true,
            "hide": false
        }
    },
    "navigationCondition": "",
    "position": "BOTTOM_RIGHT",
    "meta": {
        "Creator": "Anonymous",
        "CreatedOn": "Mon, 05 Aug 2024 18:42:44 GMT"
    },
    "context": [],
    "localization": {
        "en-us": {
            "content": {
                "title": "Add Validation formula",
                "body": "<ol>\n<li>Delete the <strong>@</strong> in the formula editor. </li>\n<li>Copy and paste the following formula  to the formula editor:\n<p style=\"background-color:lightyellow; padding-left: 2%\">\n&lt;%=\nvar inputUser = this.view.usernameTextbox.text;<br>\n%&gt;\n<br>\n@If(@Right(inputUser;\"@\")=\"woodburn.com\"; @True; @False);\n</p>\n</li>\n</ol>"
            }
        }
    }
}