{
    "kuid": "ae5d9cta-36a1-42rb-a6u4-2c4debn9",
    "id": "VoltMX.AddingDominoAccessforVoltForm.UpdateLoginAE",
    "content": {
        "title": "Update the Login button",
        "body": "<ol>\n<li>From the left menu under <strong>NETWORK</strong>, select <strong>Invoke Service</strong>.</li>\n<li>In the options on the right, select:<br> \n<ul>\n<li><strong>Select Service:</strong> DemoAppService$login</li>\n<li><strong>Select Browser Widget:</strong> Default Browser Widget</li>\n</ul>\n</li>\n<li>From the left menu under <strong>General</strong>, drag and drop <strong>Navigate to Form</strong> under <strong>Success</strong>.</li>\n<li>In the options on the right, select <strong>frmCustomerList</strong>.</li>\n<li>From the left menu under <strong>CLIENT</strong>, drag and drop <strong>Show Alert</strong> under <strong>Failure</strong>.</li>\n<li>In the options on the right, select:<br> \n<ul>\n<li><strong>Alert Type:</strong> Error</li>\n<li><strong>Message Type:</strong> Constant</li>\n<li><strong>Alert Message:</strong> Login Failed!</li>\n</ul>\n</li>\n<li>Click on the <strong>Save</strong> button to save the changes.</li> \n</ol>"
    },
    "pointer": {
        "direction": "left",
        "element": "",
        "type": "none"
    },
    "navigationType": "manual",
    "navigationBar": {
        "left": {
            "text": "Previous",
            "enable": true,
            "hide": false
        },
        "right": {
            "text": "Next",
            "enable": true,
            "hide": false
        }
    },
    "navigationCondition": "",
    "position": "BOTTOM_LEFT",
    "meta": {
        "Creator": "admin admin",
        "CreatedOn": "Mon, 30 Sep 2024 16:59:33 GMT"
    },
    "context": [],
    "localization": {
        "en-us": {
            "content": {
                "title": "Update the Login button",
                "body": "<ol>\n<li>From the left menu under <strong>NETWORK</strong>, select <strong>Invoke Service</strong>.</li>\n<li>In the options on the right, select:<br> \n<ul>\n<li><strong>Select Service:</strong> DemoAppService$login</li>\n<li><strong>Select Browser Widget:</strong> Default Browser Widget</li>\n</ul>\n</li>\n<li>From the left menu under <strong>General</strong>, drag and drop <strong>Navigate to Form</strong> under <strong>Success</strong>.</li>\n<li>In the options on the right, select <strong>frmCustomerList</strong>.</li>\n<li>From the left menu under <strong>CLIENT</strong>, drag and drop <strong>Show Alert</strong> under <strong>Failure</strong>.</li>\n<li>In the options on the right, select:<br> \n<ul>\n<li><strong>Alert Type:</strong> Error</li>\n<li><strong>Message Type:</strong> Constant</li>\n<li><strong>Alert Message:</strong> Login Failed!</li>\n</ul>\n</li>\n<li>Click on the <strong>Save</strong> button to save the changes.</li> \n</ol>"
            }
        }
    }
}