{
    "kuid": "d3d10btd-d7a6-40r0-81uf-4cf445n3",
    "id": "VoltMX.VoltFormulaSettings.intellisense",
    "content": {
        "title": "Intellisense Configuration",
        "body": "<p>Intellisense is an autocompletion tool that will show you matching VoltFormula formula or API calls as you type. \n<ul>\n<li>By default it will include the formulas that will not be supported by VoltFormula and the formulas that are not yet implemented. </li>\n<li>You can filter these out of the intellisense results if you wish. </li>\n<li>Deselect <strong>Include 'no plans to implement' items</strong> and select <strong>Include 'not yet implemented' items</strong>.</li>\n</ul>"
    },
    "pointer": {
        "direction": "right",
        "element": {
            "css_selector": "div#projectsettings_rosetta-intellisense div:nth-child(2) div:nth-child(2)"
        },
        "type": "default"
    },
    "navigationType": "manual",
    "navigationBar": {
        "left": {
            "text": "Previous",
            "enable": true,
            "hide": false
        },
        "right": {
            "text": "Next",
            "enable": true,
            "hide": false
        }
    },
    "navigationCondition": "",
    "position": "BOTTOM_RIGHT",
    "meta": {
        "Creator": "admin admin",
        "CreatedOn": "Tue, 30 Jul 2024 19:00:43 GMT"
    },
    "context": [],
    "localization": {
        "en-us": {
            "content": {
                "title": "Intellisense Configuration",
                "body": "<p>Intellisense is an autocompletion tool that will show you matching VoltFormula formula or API calls as you type. \n<ul>\n<li>By default it will include the formulas that will not be supported by VoltFormula and the formulas that are not yet implemented. </li>\n<li>You can filter these out of the intellisense results if you wish. </li>\n<li>Deselect <strong>Include 'no plans to implement' items</strong> and select <strong>Include 'not yet implemented' items</strong>.</li>\n</ul>"
            }
        }
    }
}