{
  "Card.VoltMX.ConfiguringAccesstoDomino.Intro": {
    "content": {
      "body": "<p>In this hike we configure access to a Domino database via Foundry object services. This will be used by a later hike in your Iris application to run formulas against the Domino database.</p>\n<br>\n<p><strong>Requirements: </strong><br>\nVolt MX Go installed and configured. Domino REST API must be configured with OAuth. \n<ul>\n<li>Download and install the Demo.nsf on Domino. Download from <a href=\"#\" onClick='javascript:openURL(\"https://opensource.hcltechsw.com/Domino-rest-api/references/downloads.html\")'>Domino REST API downloads</a>\n</li>\n<li>Make sure you have OAuth configured for Domino REST API. See <a href=\"#\" onClick='javascript:openURL(\"https://opensource.hcltechsw.com/Domino-rest-api/howto/VoltMX/setupoauthnsf.html\")'>Set up oauth.nsf</a>.\n</li>\n</ul>\n</p>\n<br>\n<p><strong>When you are ready, click Start!</strong></p>",
      "title": "Configuring access to Domino"
    },
    "navigationBar": {
      "right": {
        "text": "Start"
      }
    }
  },
  "Card.VoltMX.ConfiguringAccessToDomino.OpenIris": {
    "content": {
      "title": "Open the project",
      "body": "<ol>\n<li>Navigate to <strong>Project</strong> &gt; <strong>Open</strong> &gt; <strong>HCL Project Architecture</strong> &gt; <strong>VoltMXJavaS</strong> to open the javascript project.</li>\n<li>Click on the <strong>Design</strong> tab to open the <b>Project</b> explorer.</li>\n</ol>"
    }
  },
  "Card.VoltMX.ConfiguringAccessToDomino.FoundryURL": {
    "content": {
      "title": "Configure the Foundry URL",
      "body": "<ol>\n<li>In Iris, navigate to <strong>Volt Iris</strong> &gt; <strong>Settings…</strong> to open the Iris Settings.</li>\n<li>Click on <strong>Volt MX Foundry</strong> and enter the Foundry URL for your Foundry server.</li>\n<li>Click on <strong>Validate</strong> to validate the URL then click <strong>Done</strong> to save the changes.</li>\n</ol>"
    }
  },
  "Card.VoltMX.ConfiguringAccessToDomino.CreateApp": {
    "content": {
      "title": "Create a Foundry application",
      "body": "<p>Your Iris application will link to an application in Foundry to configure authentication and access to data in your Domino database. </p>\n<ol>\n<li>Click on the <strong>DATA & SERVICES</strong> tab in the right panel.</li>\n<li>Click on the menu icon on the far right. Then click <strong>Create New App</strong>.</li>\n</ol>"
    }
  },
  "Card.VoltMX.ConfiguringAccessToDomino.ConfigDRAPI": {
    "content": {
      "title": "Configure the Domino Database",
      "body": "<ol>\n<li>Copy the <strong>Demo.nsf</strong> to your Domino Server  so it is available to the Domino REST API.</li>\n<li>Open the Domino REST API server  Admin console and click on <strong>Quick Config</strong> in the left navigation.</li>\n<li>Select the <strong>Demo.nsf</strong> under <strong>Available Databases</strong> and enter the following:\n<ul>\n<li><strong>Schema Name:</strong> demoschema</li>\n<li><strong>Scope Name:</strong> demoscope</li>\n<li><strong>Description:</strong> Hike demo</li>\n<li><strong>Additional Modes:</strong> Check DQL</li>\n</ul>\n</li>\n<li>Click <strong>Add</strong></li>\n</ol>"
    }
  },
  "Card.VoltMX.ConfiguringAccessToDomino.ConfigId1": {
    "content": {
      "title": "Create an identity service",
      "body": "<ol>\n<li>Open the Volt Foundry console in a web browser.</li>\n<li>Click on the <strong>VoltMXJavaS</strong> app to open it. </li>\n<li>Under <strong>Configure Services</strong> tab, click on <strong>Identity</strong> then click <strong>CONFIGURE NEW</strong>. </li>\n<li>Enter <strong>DemoAppIdService</strong> for the name and select <strong>OAuth 2.0</strong> for the type. </li>\n</ol>\n</p>\n<p>Addition configurable fields will appear.</p>"
    }
  },
  "Card.VoltMX.ConfiguringAccessToDomino.ConfigId2": {
    "content": {
      "title": "Configure the identity provider",
      "body": "<p>Enter the following to configure the <strong>Provider Details</strong>:\n<ul>\n<li><strong>Grant Type:</strong>  Authorization Code</li>\n<li><strong>Authorize Endpoint:</strong> [your Domino REST API API server]/oauth/authorization</li>\n<li><strong>Token Endpoint:</strong> [your Domino REST API API server]/oauth/token</li>\n<li><strong>Scope:</strong>  $DATA</li>\n</ul>\n<p>Enter the following under <strong>Client Details</strong>:\n<ul>\n<li><strong>Client Assertion Type:</strong> Basic authentication</li>\n<li>Expand <strong>Advanced</strong> and set <strong>Client Authentication Scheme</strong> to <strong>Form Param</strong></li>\n<li>Copy the <strong>Callback URL</strong>. This will be used in the next step when creating the Domino Rest API application. </li> \n</ul>\n<p>Note: Don't save the changes yet. We need to generate a client id and secret in the Domino REST API Admin console. </p>"
    }
  },
  "Card.VoltMX.ConfiguringAccessToDomino.CreateDRAPIApp": {
    "content": {
      "title": "Create the Domino REST API application",
      "body": "<ol>\n<li>On the Domino REST API server Admin console click on <strong>Applications</strong> in the left navigation.</li>\n<li>Click on <strong>Add Application</strong> button and enter the following information:\n<ul>\n<li><strong>Application Name:</strong> DemoApp</li>\n<li><strong>Description: </strong> Hike Demo</li>\n<li><strong>Callback URLs:</strong> Paste the Callback URL from the previous step when you created the Identity service.</li>\n<li><strong>Startup Page:</strong> Enter any valid URL such as https://www.hcl.com</li>\n<li><strong>Scope: </strong> From the dropdown select <strong>$DATA</strong> and click the plus button to add it.</li>\n</ul>\n</li>\n<li>Click the <strong>Add</strong> button to create the application. </li>\n</ol>"
    }
  },
  "Card.VoltMX.ConfiguringAccessToDomino.UpdateId": {
    "content": {
      "title": "Update the App ID and secret in the Identity Service",
      "body": "<ol>\n<li>Click on the <strong>App ID</strong> for the DemoApp to copy it.</li>\n<li>Go back to the Foundry console in Iris and paste the <strong>App ID</strong> into the <strong>Client ID</strong> field.</li>\n<li>Go back to the Domino REST API Admin console and click on <strong>Click to Generate Secret</strong> for the DemoApp to generate the secret.</li>\n<li>Click on the <strong>App Secret</strong>  to copy it.</li>\n<li> Go back to the Foundry console in Iris and paste the <strong>App Secret</strong> into the <strong>Client Secret</strong> field.</li>\n<li>Click on <strong>TEST LOGIN</strong> button and enter the credentials for the Domino Demo database. </li>\n<li>Verify successful results that contain a <strong>claims_token</strong> object. </li>\n<li>Close the response section and click <strong>SAVE</strong> to create the identity provider. </li>\n</ol>"
    }
  },
  "Card.VoltMX.ConfiguringAccessToDomino.CreateObjSvc": {
    "content": {
      "title": "Create an object service",
      "body": "<p>The object service will allow your Iris application to access data in the Demo Domino database. \n\n<ol>\n<li>Under <strong>Configure Services</strong> tab, click on <strong>Objects</strong> then click <strong>CONFIGURE NEW</strong>.</li>\n<li>Enter the following to configure the <strong>Provider Details</strong>:\n<ul>\n<li><strong>Name:</strong>  DemoObjectService</li>\n<li><strong>Endpoint Type:</strong> HCL Domino</li>\n<li><strong>Domino REST API Base URL:</strong> <pre>[your Domino REST API server]</pre></li>\n</ul>\n</li>\n<li>Select your Environment and click <strong>TEST CONNECTION</strong> and verify a Connection Successful message is shown. </li>\n<li>Under <strong>Authentication</strong>, select <strong>DemoAppIdService</strong></li>\n<li>Click on <strong>TEST LOGIN</strong> button and enter the credentials for the Domino Demo database. </li>\n<li>Verify a Test Login Successful message is shown. </li>\n<li>Click <strong>SAVE & CONFIGURE</strong> button to create the object service and show the configuration page. \n</ol>"
    }
  },
  "Card.VoltMX.ConfiguringAccessToDomino.ConfigObjSvc": {
    "content": {
      "title": "Configure the object service",
      "body": "<ol>\n<li>Click <strong>GENERATE</strong> button to generate the data model from the Domino database. <li>\n<li>Enter the credentials for the Domino Demo database if prompted</li>\n<li>Expand <strong>demoscope</strong> > <strong>Forms</strong> and select all the forms shown.</li>\n<li>Expand <strong>View Entities</strong> and select all the views shown.</li>\n<li>Click <strong>NEXT</strong>. </li>\n<li>Click <strong>GENERATE</strong> to create the data model. </li>\n</ol>"
    }
  },
  "Card.VoltMX.ConfiguringAccessToDomino.VerifySvcs": {
    "content": {
      "title": "Import Services in Iris",
      "body": "<p>Let's verify the services show up in our Iris app. </p>\n<ol>\n<li>In Iris under <strong>DATA & SERVICES</strong> click the <strong>Refresh</strong> button.</li>\n<li>Expand <strong>PROJECT SERVICES</strong> and you should see the <strong>DemoAppIdService</strong> and <strong>DemoObjectService</strong> show.</li>\n</ol>"
    }
  },
  "Card.VoltMX.ConfiguringAccessToDomino.Last": {
    "content": {
      "title": "Congratulations!",
      "body": "<p>You have successfully:\n<ul> \n<li>Configured a Domino database in the Domino REST API</li>\n<li>Configured an application, identity service, and object service in Foundry that will allow access to the Domino database via the Domino REST API.</li>\n<li>Connected the Foundry application to your application in Iris</li>\n</ul>\n</p>"
    },
    "navigationBar": {
      "right": {
        "text": "Done"
      }
    }
  }
}