{
    "kuid": "b3ee31tf-82aa-40rb-a6u9-3576b9n3",
    "id": "VoltMX.AddingDominoAccessforVoltForm.SetCurrent",
    "content": {
        "title": "Set the current document",
        "body": "<p>When a customer record in the customer list is selected, we need to set that record as the current document in the Domino Database.</p>\n<ol>\n<li>In the Project Explorer, select the <b>sgmtCustomerList</b> under the <b>frmCustomerList</b> form.</li>\n<li>In the <b>PROPERTIES</b> tab on the right click on <b>Action</b>.</li> \n<li>Click on the <b>Edit</b> button beside <b>onRowClick</b> to open the action editor.</li>\n</ol>"
    },
    "pointer": {
        "direction": "left",
        "element": {
            "module": "projectexplorer"
        },
        "type": "default"
    },
    "navigationType": "manual",
    "navigationBar": {
        "left": {
            "text": "Previous",
            "enable": true,
            "hide": false
        },
        "right": {
            "text": "Next",
            "enable": true,
            "hide": false
        }
    },
    "navigationCondition": "",
    "position": "BOTTOM_LEFT",
    "meta": {
        "Creator": "admin admin",
        "CreatedOn": "Mon, 30 Sep 2024 20:37:18 GMT"
    },
    "context": [],
    "localization": {
        "en-us": {
            "content": {
                "title": "Set the current document",
                "body": "<p>When a customer record in the customer list is selected, we need to set that record as the current document in the Domino Database.</p>\n<ol>\n<li>In the Project Explorer, select the <b>sgmtCustomerList</b> under the <b>frmCustomerList</b> form.</li>\n<li>In the <b>PROPERTIES</b> tab on the right click on <b>Action</b>.</li> \n<li>Click on the <b>Edit</b> button beside <b>onRowClick</b> to open the action editor.</li>\n</ol>"
            }
        }
    }
}