{
    "kuid": "fbbe3ata-2da7-49r7-bfu9-1ba019n2",
    "id": "VoltMX.AddingDominoAccessforVoltForm.CreateList",
    "content": {
        "title": "Create a Customer List Form",
        "body": "<p>Let's create a form to show the list of customers from our Demo database</p>\n<ol>\n<li>In the Project Explorer, expand <strong>Mobile</strong>.</li>\n<li>Right click on <strong>Forms</strong> and select <strong>New Form</strong>.</li>\n<li>Right click on the new form and select <strong>Rename</strong>.</li>\n<li>Change the form name to <strong>frmCustomerList</strong>.</li>\n</ol><br>\n<p>We will come back to the customer list form later to populate it.</p>"
    },
    "pointer": {
        "direction": "left",
        "element": {
            "module": "projectexplorer"
        },
        "type": "default"
    },
    "navigationType": "manual",
    "navigationBar": {
        "left": {
            "text": "Previous",
            "enable": true,
            "hide": false
        },
        "right": {
            "text": "Next",
            "enable": true,
            "hide": false
        }
    },
    "navigationCondition": "",
    "position": "BOTTOM_RIGHT",
    "meta": {
        "Creator": "admin admin",
        "CreatedOn": "Mon, 30 Sep 2024 16:56:02 GMT"
    },
    "context": [],
    "localization": {
        "en-us": {
            "content": {
                "title": "Create a Customer List Form",
                "body": "<p>Let's create a form to show the list of customers from our Demo database</p>\n<ol>\n<li>In the Project Explorer, expand <strong>Mobile</strong>.</li>\n<li>Right click on <strong>Forms</strong> and select <strong>New Form</strong>.</li>\n<li>Right click on the new form and select <strong>Rename</strong>.</li>\n<li>Change the form name to <strong>frmCustomerList</strong>.</li>\n</ol><br>\n<p>We will come back to the customer list form later to populate it.</p>"
            }
        }
    }
}