{
    "kuid": "692199t1-b7ae-42r3-a9u3-fce247n8",
    "id": "VoltMX.ConfiguringAccessToDomino.UpdateId",
    "content": {
        "title": "Update the App ID and secret",
        "body": "<ol>\n<li>Click on the <strong>App ID</strong> for the DemoApp to copy it.</li>\n<li>Go back to the Foundry console in Iris and paste the <strong>App ID</strong> into the <strong>Client ID</strong> field.</li>\n<li>Go back to the Domino REST API Admin console and click on <strong>Click to Generate Secret</strong> for the DemoApp to generate the secret.</li>\n<li>Click on the <strong>App Secret</strong>  to copy it.</li>\n<li> Go back to the Foundry console in Iris and paste the <strong>App Secret</strong> into the <strong>Client Secret</strong> field.</li>\n<li>Click on <strong>TEST LOGIN</strong> button and enter the credentials for the Domino Demo database. </li>\n<li>Verify successful results that contain a <strong>claims_token</strong> object. </li>\n<li>Close the response section and click <strong>SAVE</strong> to create the identity provider. </li>\n</ol>"
    },
    "pointer": {
        "direction": "left",
        "element": "",
        "type": "none"
    },
    "navigationType": "manual",
    "navigationBar": {
        "left": {
            "text": "Previous",
            "enable": true,
            "hide": false
        },
        "right": {
            "text": "Next",
            "enable": true,
            "hide": false
        }
    },
    "navigationCondition": "",
    "position": "CENTER",
    "meta": {
        "Creator": "admin admin",
        "CreatedOn": "Wed, 18 Sep 2024 18:33:24 GMT"
    },
    "context": [],
    "localization": {
        "en-us": {
            "content": {
                "title": "Update the App ID and secret in the Identity Service",
                "body": "<ol>\n<li>Click on the <strong>App ID</strong> for the DemoApp to copy it.</li>\n<li>Go back to the Foundry console in Iris and paste the <strong>App ID</strong> into the <strong>Client ID</strong> field.</li>\n<li>Go back to the Domino REST API Admin console and click on <strong>Click to Generate Secret</strong> for the DemoApp to generate the secret.</li>\n<li>Click on the <strong>App Secret</strong>  to copy it.</li>\n<li> Go back to the Foundry console in Iris and paste the <strong>App Secret</strong> into the <strong>Client Secret</strong> field.</li>\n<li>Click on <strong>TEST LOGIN</strong> button and enter the credentials for the Domino Demo database. </li>\n<li>Verify successful results that contain a <strong>claims_token</strong> object. </li>\n<li>Close the response section and click <strong>SAVE</strong> to create the identity provider. </li>\n</ol>"
            }
        }
    }
}