{
    "kuid": "18b2d5t4-bea4-4fr3-83ud-1bbc61n4",
    "id": "VoltMX.CreateCustomFormulas.AddFile",
    "content": {
        "title": "Register the custom API",
        "body": "<ol>\n<li>Under <strong>Register Custom API</strong> click on the two dots at the end of the input box to open the file browser.</li>\n<li>Browse to where you saved the json file containing the custom formula definition and select it. The path to the file will show in the input box.</li>\n<li>Click <strong>Done</strong> to save the changes. </li>\n</ol>"
    },
    "pointer": {
        "direction": "left",
        "element": {
            "css_selector": "div[class='view-textinput-value-selector'][title='Browse']"
        },
        "type": "default"
    },
    "navigationType": "manual",
    "navigationBar": {
        "left": {
            "text": "Previous",
            "enable": true,
            "hide": false
        },
        "right": {
            "text": "Next",
            "enable": true,
            "hide": false
        }
    },
    "navigationCondition": "",
    "position": "BOTTOM_LEFT",
    "meta": {
        "Creator": "admin admin",
        "CreatedOn": "Wed, 21 Aug 2024 17:58:30 GMT"
    },
    "context": [],
    "localization": {
        "en-us": {
            "content": {
                "body": "<ol>\n<li>Under <strong>Register Custom API</strong> click on the two dots at the end of the input box to open the file browser.</li>\n<li>Browse to where you saved the json file containing the custom formula definition and select it. The path to the file will show in the input box.</li>\n<li>Click <strong>Done</strong> to save the changes. </li>\n</ol>",
                "title": "Register the custom API"
            }
        }
    }
}