{
    "kuid": "3bb6d4t9-a7ae-40rb-9bud-6ba066nb",
    "id": "VoltMX.VoltFormulaSettings.elseCondition",
    "content": {
        "title": "Create Else condition",
        "body": "<ol>\n<li>Select the <strong>If</strong> row and on the left panel under <strong>CONDITION</strong>, click the <strong>Else</strong> action to add it below the <strong>Add Formula</strong> action.</li>\n<li>In the left panel under <strong>CLIENT</strong>, click on <strong>Show Alert</strong> to add it after the <strong>Else</strong></li>\n<li>In the Alert editor in the right panel set these values:\n<ul>\n<li>Alert Type: <strong>Error</strong>\n<li>Message Type: <strong>Constant</strong>\n<li>Alert Message: <strong>User format is not valid!</strong>\n</ul>\n</li>\n</ol>"
    },
    "pointer": {
        "direction": "left",
        "element": "",
        "type": "none"
    },
    "navigationType": "manual",
    "navigationBar": {
        "left": {
            "text": "Previous",
            "enable": true,
            "hide": false
        },
        "right": {
            "text": "Next",
            "enable": true,
            "hide": false
        }
    },
    "navigationCondition": "",
    "position": "BOTTOM_RIGHT",
    "meta": {
        "Creator": "Anonymous",
        "CreatedOn": "Wed, 07 Aug 2024 18:12:45 GMT"
    },
    "context": [],
    "localization": {
        "en-us": {
            "content": {
                "title": "Create Else condition",
                "body": "<ol>\n<li>Select the <strong>If</strong> row and on the left panel under <strong>CONDITION</strong>, click the <strong>Else</strong> action to add it below the <strong>Add Formula</strong> action.</li>\n<li>In the left panel under <strong>CLIENT</strong>, click on <strong>Show Alert</strong> to add it after the <strong>Else</strong></li>\n<li>In the Alert editor in the right panel set these values:\n<ul>\n<li>Alert Type: <strong>Error</strong>\n<li>Message Type: <strong>Constant</strong>\n<li>Alert Message: <strong>User format is not valid!</strong>\n</ul>\n</li>\n</ol>"
            }
        }
    }
}