{
    "kuid": "6211bat6-a9ac-4erb-8au0-0301ben4",
    "id": "VoltMX.AddingDominoAccessforVoltForm.BldListUI3",
    "content": {
        "title": "Build the Customers List UI",
        "body": "<ol>\n<li>In the <b>Project</b> explorer, click on the <b>Project</b> tab.</li>\n<li>Click on the <b>frmCustomerList</b> form.</li>\n<li>In the <b>Default Library</b>, under <b>Default</b> drag and drop <b>Segment</b> onto the <b>frmCustomerList</b> form on your canvas.</li>\n<li>Right click on the segment in the <b>Project</b> explorer and click <b>Rename</b> and change it to <b>sgmtCustomerList</b></li>\n<li>Right click on the segment on your canvas and select <b>Fit to Parent</b>.</li>\n<li>In the <b>PROPERTIES</b> tab on the right side under <b>Look</b> set <b>Top</b> to 44 Dp. The header should be visible on your canvas.</li>\n<li>Click on the <b>Segment</b> tab under <b>PROPERTIES</b> and select <b>DemoRowTemplate</b> in the drop down menu for <b>Row Template</b>.</li>\n<li>Save your changes by clicking <strong>ctrl+shift+s </strong>on <strong>Windows</strong> and <strong>cmd+shift+s</strong> on <strong>Mac</strong>.</li>\n</ol>"
    },
    "pointer": {
        "direction": "left",
        "element": {
            "module": "projectexplorer"
        },
        "type": "default"
    },
    "navigationType": "manual",
    "navigationBar": {
        "left": {
            "text": "Previous",
            "enable": true,
            "hide": false
        },
        "right": {
            "text": "Next",
            "enable": true,
            "hide": false
        }
    },
    "navigationCondition": "",
    "position": "BOTTOM_RIGHT",
    "meta": {
        "Creator": "admin admin",
        "CreatedOn": "Mon, 30 Sep 2024 20:28:50 GMT"
    },
    "context": [],
    "localization": {
        "en-us": {
            "content": {
                "title": "Build the Customers List UI",
                "body": "<ol>\n<li>In the <b>Project</b> explorer, click on the <b>Project</b> tab.</li>\n<li>Click on the <b>frmCustomerList</b> form.</li>\n<li>In the <b>Default Library</b>, under <b>Default</b> drag and drop <b>Segment</b> onto the <b>frmCustomerList</b> form on your canvas.</li>\n<li>Right click on the segment in the <b>Project</b> explorer and click <b>Rename</b> and change it to <b>sgmtCustomerList</b></li>\n<li>Right click on the segment on your canvas and select <b>Fit to Parent</b>.</li>\n<li>In the <b>PROPERTIES</b> tab on the right side under <b>Look</b> set <b>Top</b> to 44 Dp. The header should be visible on your canvas.</li>\n<li>Click on the <b>Segment</b> tab under <b>PROPERTIES</b> and select <b>DemoRowTemplate</b> in the drop down menu for <b>Row Template</b>.</li>\n<li>Save your changes by clicking <strong>ctrl+shift+s </strong>on <strong>Windows</strong> and <strong>cmd+shift+s</strong> on <strong>Mac</strong>.</li>\n</ol>"
            }
        }
    }
}