{
    "kuid": "3612e0tc-51a6-4cr5-87u8-470f7dn6",
    "id": "VoltMX.AddingDominoAccessforVoltForm.BldDetailsUI3",
    "content": {
        "title": "Build the Customers Details UI",
        "body": "<ol>\n<li>Make the following changes to <b>PROPERTIES</b> &gt; <b>Look</b> &gt; <b>Text</b>:\n<ul>\n<li>Select <b>flxContactName</b> &gt; <b>lblName</b> and set <b>Text</b> to <b>Customer</b>.</li>\n<li>Select <b>lblGender</b> and set <b>Text</b> to <b>Gender</b>.</li> \n<li>Select <b>lblGenderValue</b> and set <b>Text</b> to <b>Male</b>.</li> \n<li>Select <b>lblColor</b> and set <b>Text</b> to <b>Color</b>.</li> \n<li>Select <b>lblColorValue</b> and set <b>Text</b> to <b>None</b>.</li> \n<li>Select <b>lblPet</b> and set <b>Text</b> to <b>Pet</b>.</li> \n<li>Select <b>lblPetValue</b> and set <b>Text</b> to <b>None</b>.</li> \n</ul>\n</li>\n</ol>"
    },
    "pointer": {
        "direction": "left",
        "element": "",
        "type": "none"
    },
    "navigationType": "manual",
    "navigationBar": {
        "left": {
            "text": "Previous",
            "enable": true,
            "hide": false
        },
        "right": {
            "text": "Next",
            "enable": true,
            "hide": false
        }
    },
    "navigationCondition": "",
    "position": "BOTTOM_RIGHT",
    "meta": {
        "Creator": "admin admin",
        "CreatedOn": "Tue, 01 Oct 2024 20:41:44 GMT"
    },
    "context": [],
    "localization": {
        "en-us": {
            "content": {
                "title": "Build the Customers Details UI",
                "body": "<ol>\n<li>Make the following changes to <b>PROPERTIES</b> &gt; <b>Look</b> &gt; <b>Text</b>:\n<ul>\n<li>Select <b>flxContactName</b> &gt; <b>lblName</b> and set <b>Text</b> to <b>Customer</b>.</li>\n<li>Select <b>lblGender</b> and set <b>Text</b> to <b>Gender</b>.</li> \n<li>Select <b>lblGenderValue</b> and set <b>Text</b> to <b>Male</b>.</li> \n<li>Select <b>lblColor</b> and set <b>Text</b> to <b>Color</b>.</li> \n<li>Select <b>lblColorValue</b> and set <b>Text</b> to <b>None</b>.</li> \n<li>Select <b>lblPet</b> and set <b>Text</b> to <b>Pet</b>.</li> \n<li>Select <b>lblPetValue</b> and set <b>Text</b> to <b>None</b>.</li> \n</ul>\n</li>\n</ol>"
            }
        }
    }
}