{
    "kuid": "99c113t5-2fa4-45r6-8dud-f42550na",
    "id": "VoltMX.VoltFormulaSettings.version",
    "content": {
        "title": "Version Information",
        "body": "<p>The <strong>Version Information</strong> section provides the versions of the various VoltFormula code that is running in Iris. This information may be request by the VoltMX service team when they are assisting you with a service request."
    },
    "pointer": {
        "direction": "right",
        "element": "",
        "type": "none"
    },
    "navigationType": "manual",
    "navigationBar": {
        "left": {
            "text": "Previous",
            "enable": true,
            "hide": false
        },
        "right": {
            "text": "Next",
            "enable": true,
            "hide": false
        }
    },
    "navigationCondition": "",
    "position": "BOTTOM_RIGHT",
    "meta": {
        "Creator": "admin admin",
        "CreatedOn": "Tue, 30 Jul 2024 19:44:38 GMT"
    },
    "context": [],
    "localization": {
        "en-us": {
            "content": {
                "title": "Version Information",
                "body": "<p>The <strong>Version Information</strong> section provides the versions of the various VoltFormula code that is running in Iris. This information may be request by the VoltMX service team when they are assisting you with a service request."
            }
        }
    }
}