{
  "Card.VoltMX.VoltFormulaSettings.Intro": {
    "content": {
      "title": "Using VoltFormula Settings",
      "body": "<p>In this hike, we explore the VoltFormula project settings and see how they can be used to affect the behavior of VoltFormula. \n</br></br>\n<p>Before you get started, complete the hike: \n<ol>\n<li><a class=\"tour-link\" tour=\"a7b349t2-bba0-47r6-93u9-77fa34n8\"> Introduction to VoltFormula</a></li>\n</ol></br>\n<p><strong>When you are ready, click Start!</strong>"
    },
    "navigationBar": {
      "right": {
        "text": "Start"
      }
    }
  },
  "Card.VoltMX.VoltFormulaSettings.open": {
    "content": {
      "title": "Open the project",
      "body": "<ol>\n<li>Navigate to <strong>Project</strong> &gt; <strong>Open</strong> &gt; <strong>HCL Project Architecture</strong> &gt; <strong>VoltMXJavaS</strong> to opend the javascript project.</li>\n<li>Click on the <strong>Design</strong> tab to open the <b>Project</b> explorer.</li>\n</ol>"
    }
  },
  "Card.VoltMX.VoltFormulaSettings.projSettings": {
    "content": {
      "title": "Open the VoltFormula project settings",
      "body": "<ol>\n<li>In the left navigation click on the project settings icon.</li>\n<li>Click on <strong>VoltFormula</strong> to show the settings related to VoltFormula.</li>"
    }
  },
  "Card.VoltMX.VoltFormulaSettings.apiImpl": {
    "content": {
      "title": "VoltFormula API Configuration",
      "body": "<p>The  <strong>API Configuration</strong> section contains setting that affect the behavior of VoltFormula API.\n<ul>\n<li>We will cover register custom APIs in a seperate hike.</li>\n<li>VoltFormula provides support for both <strong>Notes Formula</strong> and <strong>Open Formula</strong>. The <strong>Preferred API implementation</strong> settings determines which formula implementation should be used if a formula is implemented in both <strong>Notes Formula</strong> and <strong>Open Formula</strong>.</li>\n<li>Click on the <strong>Open Formula</strong> to select it.</li>\n</ul>"
    }
  },
  "Card.VoltMX.VoltFormulaSettings.intellisense": {
    "content": {
      "title": "Intellisense Configuration",
      "body": "<p>Intellisense is an autocompletion tool that will show you matching VoltFormula formula or API calls as you type. \n<ul>\n<li>By default it will include the formulas that will not be supported by VoltFormula and the formulas that are not yet implemented. </li>\n<li>You can filter these out of the intellisense results if you wish. </li>\n<li>Deselect <strong>Include 'no plans to implement' items</strong> and select <strong>Include 'not yet implemented' items</strong>.</li>\n</ul>"
    }
  },
  "Card.VoltMX.VoltFormulaSettings.passthrough": {
    "content": {
      "title": "Converter passthrough",
      "body": "<p>The <strong>Converter Configuration</strong> section relates to  the VoltFormula converter. \n<ul>\n<li>The converter will convert the formula into javascript code. </li>\n<li>The passthrough settings controls if the converted will alllow unrecongnized formula language code to be pass throught to the javascript code. For example the JSP style syntax we using in the introduction hike requires this setting to be turned off.</li>\n<li>Deselect the passthrough checkbox. </li>\n</ul>"
    }
  },
  "Card.VoltMX.VoltFormulaSettings.funcConvert": {
    "content": {
      "title": "Formula Function Conversions",
      "body": "<p>Certain formulas can be converted directly to native javascript instead of using the corresponding Rosetta API call. \n<ul>\n<li>For example, true and false formula statements can be represented as native javascript true and flase statements. Using the native code may be cleaner than calling the Rosetta true and false apis. </li>\n<li>Select <strong>@False, FALSE</strong> under the <strong>To Native Javascript</strong> column and then click <strong>Add</strong> to move it to the <strong>To API Calls</strong> column. </li>\n</ul>"
    }
  },
  "Card.VoltMX.VoltFormulaSettings.convertDelay": {
    "content": {
      "title": "The conversion delay",
      "body": "<p>The next setting is the <strong>Conversion Delay</strong>. When you are entering a formula in the formula editor, the formula code will get converted to javascript code as you type. \n<p>This setting determine how many milliseconds to wait after each keystroke when entering a formula before the formula is converted to javascript. \n<p>Increasng this value can cut down on calls to the converter which can be process intensive. Decreasing this value can result in more log warning about unsupported formulas since the conversion will occur before you have entered the next keystrong.\n<p>In most cases you will not need to adjust this value"
    }
  },
  "Card.VoltMX.VoltFormulaSettings.version": {
    "content": {
      "title": "Version Information",
      "body": "<p>The <strong>Version Information</strong> section provides the versions of the various VoltFormula code that is running in Iris. This information may be request by the VoltMX service team when they are assisting you with a service request."
    }
  },
  "Card.VoltMX.VoltFormulaSettings.save": {
    "content": {
      "title": "Save your changes",
      "body": "<p>Now lets save the changes you have made and see how these changes affects the VoltFormula feature. \n<ul>\n<li>Click the <strong>Done</strong> button to save your changes to the VoltFormula settings.</li>\n</ul>"
    }
  },
  "Card.VoltMX.VoltFormulaSettings.validate": {
    "content": {
      "title": "Add validate function to the Controller",
      "body": "<ol>\n<li>In the <b>Project</b> explorer, expand <strong> Mobile</strong> &gt; <strong>Controllers</strong>, and select <strong>frmLoginController</strong>.</li>\n<li>Copy and paste the folloiwng code after the Psword property:\n<p style=\"background-color:lightyellow; padding-left: 2%\">\nvalidate: function() {<br><br>}\n</p>\n</li>\n</ol>"
    }
  },
  "Card.VoltMX.VoltFormulaSettings.viewIntellisense": {
    "content": {
      "title": "View Intellisense results",
      "body": "<ol>\n<li> Right click on the empty line in the validate function and select <strong>Add Code From Formula</strong>. The formula editor will open.</li>\n<li>Lets see how the Intellisense filters in action. Type <strong>@</strong> in the formula editor. </li>\n<li>You will see the autocompletion results shown. Notice that some results are greyed out. These are the formulas that have not been implemented yet.</li>\n<li>Formulas that will not be implemented will be shown as strikeout text. Notice that none of the results are shown with strikeout text. @Abstract is a Notes Formula that will not be implemented in VoltFormula, and you do not see it in the results. \n<br>This is because the formulas that will not be implemented in VoltFormula have been filtered out of the intellisense results. \n</li>\n</ol>"
    }
  },
  "Card.VoltMX.VoltFormulaSettings.addFormula": {
    "content": {
      "title": "Add Validation formula",
      "body": "<ol>\n<li>Delete the <strong>@</strong> in the formula editor. </li>\n<li>Copy and paste the following formula  to the formula editor:\n<p style=\"background-color:lightyellow; padding-left: 2%\">\n&lt;%=\nvar inputUser = this.view.usernameTextbox.text;<br>\n%&gt;\n<br>\n@If(@Right(inputUser;\"@\")=\"woodburn.com\"; @True; @False);\n</p>\n</li>\n</ol>"
    }
  },
  "Card.VoltMX.VoltFormulaSettings.convertFailed": {
    "content": {
      "title": "Formula is not converted",
      "body": "<p>Notice that the formula does not get converted to javascript in the controller editor. </p>\n<ol>\n<li>Click on the Console tab at the bottom to open it.</li>\n<li>Scroll to the bottom and you will see the following warning message: <strong>VoltFormula conversion failed: Invalid formula.</strong>\n<br><br>\n<p>This is because the option to allow passthrough code in the formula has been disabled and the JSP expression entered in the formula editor is not valid formula language syntax.</p>\n</li>\n<li>Click in the Javascript editor to dismiss the Formula editor. </li>\n</ol>"
    }
  },
  "Card.VoltMX.VoltFormulaSettings.enablePassthrough": {
    "content": {
      "body": "<p>Since our sample app requires that passthrough is enabled, let turn it back on. </p>\n<ol>\n<li>Click on the Project Settings button on the left to open the project setting.</li>\n<li>Select <strong>VoltFormula</strong> on the left.</li>\n<li>Click on the checkbox beside the passthrough setting under <strong>Converter Configuration</strong> to enable passthrough. </li>\n<li>Click <strong>Done</strong> to save the change. </li>\n</ol>",
      "title": "Re-enable Passthrough"
    }
  },
  "Card.VoltMX.VoltFormulaSettings.addFormula2": {
    "content": {
      "title": "Enter formula",
      "body": "<ol><li>Right click on the empty line in the validate function and select Add Code From Formula. The formula editor will open.</li>\n<li>Copy and paste the following formula  to the formula editor:\n<p style=\"background-color:lightyellow; padding-left: 2%\">\n&lt;%=\nvar inputUser = this.view.usernameTextbox.text;<br>\n%&gt;\n<br>\n@If(@Right(inputUser;\"@\")=\"woodburn.com\"; @True; @False);\n</p>\n</li>\n</ol><br>\n<p>The formula is now converted to Javascript because we enabled passthrough.\nNotice that the converted Javascript code returns the Javascript boolean true but it calls the Rosetta API for false. \nThis is because the Rosetta settings indicate to use the API when converting the @False formula. </p>"
    }
  },
  "Card.VoltMX.VoltFormulaSettings.openAE": {
    "content": {
      "title": "Open the action editor",
      "body": "<p>Let's see how the other setting changes we made affect VoltFormula. \n<ol>\n<li>In the project explorer expand <strong>Mobile > Forms</strong>  and click on <strong>frmLogin</strong> to open it. </li>\n<li>Click on the <strong>Login</strong> button in the form to select it.</li>\n<li>Right click on the Login Button and select <strong>Action: onClick</strong> to open the Action Editor. </li>\n</ol>"
    }
  },
  "Card.VoltMX.VoltFormulaSettings.addVariable": {
    "content": {
      "title": "Add a variable",
      "body": "<p>You should see the Add Formula action that was added in the Introduction to VoltFormula hike. \n<ol>\n<li>Click on the Design View tab on the top right. </li>\n<li>Make sure that <strong>START</strong> is selected</li>\n<li>On the left panel under <strong>GENERAL</strong>, click on <strong>Add Variable</strong> action. It will be added after the <strong>Add Formula</strong> action.</li>\n<li>Click on the three dots at the end of the <strong>Add Variable</strong> row and select <strong>Move Up</strong> so that the <strong>Add Variable</strong> action is above <strong>Add Formula</strong>. </li>\n<li>Click on the <strong>Add Variable</strong> action to open the editor on the right panel and enter the following values:\n<ul>\n<li>Type: <strong>Local</strong></li>\n<li>Name: <strong>formatValid</strong></li>\n<li>Value Type: <strong>Constant</strong></li>\n<li>Value: <strong>false</strong></li>\n</ul>\n</li>"
    }
  },
  "Card.VoltMX.VoltFormulaSettings.addSnippet": {
    "content": {
      "title": "Invoke the validate function",
      "body": "<ol>\n <li>On the left panel under <strong>FUNCTION</strong>, click the <strong>Add Snippet</strong> action. It will be added after the <strong>Add Variable</strong>. </li>\n<li>Copy and paste the following formula into the javascript editor in the right panel:\n<p style=\"background-color:lightyellow; padding-left: 2%\">\nformatValid = this.validate();\n</p>\n</li>\n</ol>"
    }
  },
  "Card.VoltMX.VoltFormulaSettings.ifCondition": {
    "content": {
      "title": "Check validate results",
      "body": "<ol>\n<li>On the left panel under CONDITION, click the <strong>If</strong> action to add it below the Add Snippet action.</li>\n<li>In the editor in the right panel click on the first dropdown box and select: <strong>Value of variable</strong></li>\n<li>In the second dropdown box select the variable: <strong>formatValid</strong></li>\n<li>In the third dropdown box select: <strong>Equals</strong></li>\n<li>In the fourth dropdown box select: <strong>Value</strong></li>\n<li>In the fifth dropdown box enter: <strong>true</strong></li>\n</ol>"
    }
  },
  "Card.VoltMX.VoltFormulaSettings.indentFormula": {
    "content": {
      "title": "Move Formula to If action",
      "body": "<p>We only want to execute our Add Formula action if the Add Snippet action returned a value. To do this:</p>\n<ol>\n<li>Click on the three dots at the end of  the <strong>Add Formula</strong> action row.</li>\n<li>Click <strong>Indent In</strong>. </li>\n</ol><br>\n<p>The <strong>Add Formula</strong> action is now under the <strong>If</strong> statement. </p>"
    }
  },
  "Card.VoltMX.VoltFormulaSettings.elseCondition": {
    "content": {
      "title": "Create Else condition",
      "body": "<ol>\n<li>Select the <strong>If</strong> row and on the left panel under <strong>CONDITION</strong>, click the <strong>Else</strong> action to add it below the <strong>Add Formula</strong> action.</li>\n<li>In the left panel under <strong>CLIENT</strong>, click on <strong>Show Alert</strong> to add it after the <strong>Else</strong></li>\n<li>In the Alert editor in the right panel set these values:\n<ul>\n<li>Alert Type: <strong>Error</strong>\n<li>Message Type: <strong>Constant</strong>\n<li>Alert Message: <strong>User format is not valid!</strong>\n</ul>\n</li>\n</ol>"
    }
  },
  "Card.VoltMX.VoltFormulaSettings.aeValidate": {
    "content": {
      "title": "Validate and save the sequence",
      "body": "<ol>\n<li>Click <strong>Validate Sequence</strong> button at the top and verify you get a positive response. </li>\n<li>Click <strong>Save</strong> to save your changes.</li></ol>"
    }
  },
  "Card.VoltMX.VoltFormulaSettings.build2": {
    "content": {
      "title": "Build and run the Live Preview",
      "body": "<ol>\n<li>From the main menu, select <b>Build</b>.</li>\n<li>Click <b>Run Live Preview</b>.</li>\n</ol>"
    }
  },
  "Card.VoltMX.VoltFormulaSettings.viewWithError": {
    "content": {
      "title": "View the App",
      "body": "<ol>\n<li>In the <b>Volt MX App</b> window, Use these login credentials:\n<ul>\n<li>Username: <b>john.doe@woodburn.com</b>\n</li><li>Password: <b>VoltMX@123</b></ul></li>\n<li>You will get an alert that the user name is not a valid format. However the user name is correct.<br>This occurs because the Rosetta settings indicated to use the Open Formula implementation when both Open Formula and Notes have the same API. The call to the <strong>left</strong> API in the <strong>validate</strong> function, called the Open Formula implmentation. The Open Formula implementation does not accept a string as the second parameter. Only the Notes Formula implementation accepts a string in the second parameter.</li>\n<li>To <b>Exit</b>, close the preview window.</li>\n</ol>"
    }
  },
  "Card.VoltMX.VoltFormulaSettings.switchToNotes": {
    "content": {
      "body": "<p>Let's fix this by changing the settings to prefer the Notes implementation. </p>\n<ol>\n<li>Click on the Project Settings button on the left to open the project setting.</li>\n<li>Select <strong>VoltFormula</strong> on the left.</li>\n<li>Under <strong>Preferred API Implementation</strong> select <strong>Notes Formula</strong></li>\n<li>Click <strong>Done</strong> to save the change.</li>",
      "title": "Switch to use the Notes API"
    }
  },
  "Card.VoltMX.VoltFormulaSettings.build3": {
    "content": {
      "title": "Build and run the Live Preview",
      "body": "<ol>\n<li>From the main menu, select <b>Build</b>.</li>\n<li>Click <b>Live Preview Settings</b>.</li>\n</ol>"
    }
  },
  "Card.VoltMX.VoltFormulaSettings.run2": {
    "content": {
      "title": "Live Preview",
      "body": "<ol>\n<li>From the <b>Live Preview Settings</b> window select the checkbox next to <strong>Clean Preview</strong>. This is needed to rebuild the app with the settings changes since we did not change the application code.</li>\n<li>Click <b>Save & Run</b>.<br/> The application will launch in a seperate  window.</li>\n</ol>"
    }
  },
  "Card.VoltMX.VoltFormulaSettings.viewFixed": {
    "content": {
      "title": "View the App",
      "body": "<ol>\n<li>In the <b>Volt MX App</b> window, use these login credentials:\n<ul>\n<li>Username: <b>john.doe@woodburn.com</b></li>\n<li>Password: <b>VoltMX@123</b></li>\n</ul>\n<br>You should see an alert for success.\n<br>\n</li>\n<li>Also try entering a bad user name format:\n<ul>\n<li>Username: <b>john.doewoodburn.com</b></li>\n<li>Password: <b>VoltMX@123</b></li>\n</ul>\n<br>You should see a alert for bad format.<br>\n</li>\n<li>To <b>Exit</b>, close the preview window.</li>\n</ol>"
    }
  },
  "Card.VoltMX.VoltFormulaSettings.last": {
    "content": {
      "title": "Congratulations!",
      "body": "<p>You have successfully learned how to modified the Rosetta settings and how they affect the VoltFormula code and Rosetta API.</p>"
    },
    "navigationBar": {
      "right": {
        "text": "Done"
      }
    }
  }
}