{
    "kuid": "d9a073t7-81a2-42r5-b9u1-bd6789nb",
    "id": "VoltMX.VoltFormulaSettings.indentFormula",
    "content": {
        "title": "Move Formula to If action",
        "body": "<p>We only want to execute our Add Formula action if the Add Snippet action returned a value. To do this:</p>\n<ol>\n<li>Click on the three dots at the end of  the <strong>Add Formula</strong> action row.</li>\n<li>Click <strong>Indent In</strong>. </li>\n</ol><br>\n<p>The <strong>Add Formula</strong> action is now under the <strong>If</strong> statement. </p>"
    },
    "pointer": {
        "direction": "left",
        "element": "",
        "type": "none"
    },
    "navigationType": "manual",
    "navigationBar": {
        "left": {
            "text": "Previous",
            "enable": true,
            "hide": false
        },
        "right": {
            "text": "Next",
            "enable": true,
            "hide": false
        }
    },
    "navigationCondition": "",
    "position": "BOTTOM_RIGHT",
    "meta": {
        "Creator": "Anonymous",
        "CreatedOn": "Wed, 07 Aug 2024 18:01:28 GMT"
    },
    "context": [],
    "localization": {
        "en-us": {
            "content": {
                "title": "Move Formula to If action",
                "body": "<p>We only want to execute our Add Formula action if the Add Snippet action returned a value. To do this:</p>\n<ol>\n<li>Click on the three dots at the end of  the <strong>Add Formula</strong> action row.</li>\n<li>Click <strong>Indent In</strong>. </li>\n</ol><br>\n<p>The <strong>Add Formula</strong> action is now under the <strong>If</strong> statement. </p>"
            }
        }
    }
}