{
  "Card.VoltMX.CreateCustomFormulas.Intro": {
    "content": {
      "title": "Creating a Custom Formula",
      "body": "<p>In this hike we explore how to add a custom formula so that it can be using in your applications. </p>\n<br>Before you get started, complete the hike: \n<ol>\n<li><a class=\"tour-link\" tour=\"258261tb-dfa8-4are-a7u7-a86708n0\">VoltFormula Settings</a></li>\n</ol></br>\n<p><strong>When you are ready, click Start!</strong>"
    },
    "navigationBar": {
      "right": {
        "text": "Start"
      }
    }
  },
  "Card.VoltMX.CreatingCustomFormulas.Open": {
    "content": {
      "title": "Open the project",
      "body": "<ol>\n<li>Navigate to <strong>Project</strong> &gt; <strong>Open</strong> &gt; <strong>HCL Project Architecture</strong> &gt; <strong>VoltMXJavaS</strong> to opend the javascript project.</li>\n<li>Click on the <strong>Design</strong> tab to open the <b>Project</b> explorer.</li>\n</ol>"
    }
  },
  "Card.VoltMX.CreateCustomFormulas.Define": {
    "content": {
      "title": "Define the custom formula",
      "body": "<p>Custom formulas are defined in a json file with an array of objects. Each object defines the custom formula name, language, category, and code to execute. See <a href=\"#\" onClick='javascript:openURL(\"https://opensource.hcltechsw.com/voltmxgo-documentation/topicguides/extendrosettapi.html\")'>Extending the Rosetta API</a> for more information.</p>\n<br>\n<p>We will define a single formula to validate the format of the input user name. It will extend the Notes formula language and it will be added to a custom category. \n</p>\n<ol>\n<li>Create a text file in a text editor with the following content: <p style=\"background-color:lightyellow; padding-left: 2%\">\n[{<br>\n&nbsp;&nbsp;&nbsp;&nbsp;'name': 'validateUserFormat',<br>\n &nbsp;&nbsp;&nbsp;&nbsp;'lang': 'notes',<br>\n&nbsp;&nbsp;&nbsp;&nbsp;'cat': 'Custom',<br>\n&nbsp;&nbsp;&nbsp;&nbsp;'code': function (inputUser) {<br>\n&nbsp;&nbsp;&nbsp;&nbsp;&nbsp;&nbsp;return voltmx.rosettajs.Text.right(inputUser, \"@\") === \"woodburn.com\";<br>\n&nbsp;&nbsp;&nbsp;&nbsp;}<br>\n&nbsp;&nbsp;}]<br>\n</p></li>\n<li>Save the file with the <strong>json</strong> extension.</li>\n</ol>"
    }
  },
  "Card.VoltMX.CreateCustomFormulas.Settings": {
    "content": {
      "title": "Open the VoltFormula project settings",
      "body": "<p>Now we will add the custom formula definition to the project settings so it is avaliable in Iris.</p><ol>\n<li>In the left navigation click on the project settings icon.</li>\n<li>Click on <strong>VoltFormula</strong> to show the settings related to VoltFormula.</li>"
    }
  },
  "Card.VoltMX.CreateCustomFormulas.AddFile": {
    "content": {
      "body": "<ol>\n<li>Under <strong>Register Custom API</strong> click on the two dots at the end of the input box to open the file browser.</li>\n<li>Browse to where you saved the json file containing the custom formula definition and select it. The path to the file will show in the input box.</li>\n<li>Click <strong>Done</strong> to save the changes. </li>\n</ol>",
      "title": "Register the custom API"
    }
  },
  "Card.VoltMX.CreateCustomFormulas.openAE": {
    "content": {
      "title": "Update the click action",
      "body": "<p>Let's update the Login button to use the custom formula to validate the user.\n<ol>\n<li>In the project explorer expand <strong>Mobile > Forms</strong>  and click on <strong>frmLogin</strong> to open it. </li>\n<li>Click on the <strong>Login</strong> button in the form to select it.</li>\n<li>Right click on the Login Button and select <strong>Action: onClick</strong> to open the Action Editor. </li>\n</ol>"
    }
  },
  "Card.VoltMX.CreateCustomFormulas.updateAction": {
    "content": {
      "title": "Update the click action",
      "body": "<p>Instead of calling the validate function in the form controller, we will use the custom formula to validate the format of the username.\n<ol>\n<li>Click on <strong>Add Snippet</strong> action and delete the line:\n<p style=\"background-color:lightyellow; padding-left: 2%\">formatValid = this.validate();\n</p></li>\n<li>Right click on the blank line in the code editor and select  <strong>Add Code From Formula</strong> to open the formula editor. </li>\n<li>In the formula editor enter the following code to invoke the new formula:\n<p style=\"background-color:lightyellow; padding-left: 2%\">\n&lt;%=<br>\nvar inputUser = this.view.usernameTextbox.text;<br>\n%&gt;<br>\nresults:=@validateUserFormat(inputUser);\n</p>\n<p>Notice the converted code now calls the validateUserFormat function in the Custom category. </p></li>\n<li>Click inside the code editor to dismiss the formula editor. </li>\n<li>Add the following code after the converted formula code to save the results:\n <p style=\"background-color:lightyellow; padding-left: 2%\">\nformatValid = results;\n</p></li>\n<li>Click the <strong>Save</strong> button to save the changes. </li>\n</ul>"
    }
  },
  "Card.VoltMX.CreateCustomFormulas.Build": {
    "content": {
      "title": "Build and run the Live Preview",
      "body": "<ol>\n<li>From the main menu, select <b>Build</b>.</li>\n<li>Click <b>Live Preview Settings</b>.</li>\n</ol>"
    }
  },
  "Card.VoltMX.CreateCustomFormulas.Run": {
    "content": {
      "title": "Live Preview",
      "body": "<ol>\n<li>From the <b>Live Preview Settings</b> window select the checkbox next to <strong>Clean Preview</strong>. </li>\n<li>Click <b>Save & Run</b>.<br/> The application will launch in a seperate  window.</li>\n</ol>"
    }
  },
  "Card.VoltMX.CreateCustomFormulas.View": {
    "content": {
      "title": "View the App",
      "body": "<ol>\n<li>In the <b>Volt MX App</b> window, use these login credentials:\n<ul>\n<li>Username: <b>john.doe@woodburn.com</b></li>\n<li>Password: <b>VoltMX@123</b></li>\n</ul>\n<br>You should see an alert for success.\n<br>\n</li>\n<li>Also try entering a bad user name format:\n<ul>\n<li>Username: <b>john.doewoodburn.com</b></li>\n<li>Password: <b>VoltMX@123</b></li>\n</ul>\n<br>You should see a alert for bad format.<br>\n</li>\n<li>To <b>Exit</b>, close the preview window.</li>\n</ol>"
    }
  },
  "Card.VoltMX.CreatingCustomFormulas.Last": {
    "content": {
      "title": "Congratulations!",
      "body": "<p>You have successfully: \n<ul>\n<li>Define a custom formula definition and import it into Iris.</li>\n<li>Use the custom formula in your application code.</li>\n</ul>\n</p>"
    },
    "navigationBar": {
      "right": {
        "text": "Done"
      }
    }
  }
}