{
    "kuid": "f91ef4t5-80a7-4fr3-83u5-a0da95na",
    "id": "VoltMX.CreateCustomFormulas.Settings",
    "content": {
        "title": "Open the VoltFormula project settings",
        "body": "<p>Now we will add the custom formula definition to the project settings so it is avaliable in Iris.</p><ol>\n<li>In the left navigation click on the project settings icon.</li>\n<li>Click on <strong>VoltFormula</strong> to show the settings related to VoltFormula.</li>"
    },
    "pointer": {
        "direction": "left",
        "element": {
            "module": "shortcutbar",
            "itemId": "frmKonyLib_settings"
        },
        "type": "default"
    },
    "navigationType": "manual",
    "navigationBar": {
        "left": {
            "text": "Previous",
            "enable": true,
            "hide": false
        },
        "right": {
            "text": "Next",
            "enable": true,
            "hide": false
        }
    },
    "navigationCondition": "",
    "position": "BOTTOM_LEFT",
    "meta": {
        "Creator": "admin admin",
        "CreatedOn": "Wed, 21 Aug 2024 17:46:18 GMT"
    },
    "context": [],
    "localization": {
        "en-us": {
            "content": {
                "title": "Open the VoltFormula project settings",
                "body": "<p>Now we will add the custom formula definition to the project settings so it is avaliable in Iris.</p><ol>\n<li>In the left navigation click on the project settings icon.</li>\n<li>Click on <strong>VoltFormula</strong> to show the settings related to VoltFormula.</li>"
            }
        }
    }
}