{
    "kuid": "7dd85ftf-cea5-4dr3-acu5-8971c5nf",
    "id": "VoltMX.IntroVoltFormula.addFormula",
    "content": {
        "title": "Add the formula to validate the input",
        "body": "<ol>\n<li>Right click on the empty line inside the <b>validate</b> function.</li>\n<li>From the context menu click on <b>Add Code From Formula</b></li>\n<li>The formula editor will open.below the controller editor.</li>\n<li>Copy and paste the folloiwng formula inside the formula editor:\n<p style=\"background-color:lightyellow; padding-left: 2%\">\n&lt;%=\n<br/>var inputName = this.view.usernameTextbox.text;\n<br>var inputPassword = this.view.passwordTextbox.text;\nvar validName = this.Usrname;\nvar validPassword = this.Psword;\n%&gt;\n\n@if(inputName=validName& inputPassword=validPassword;@Prompt([OK];\"Success!\";\"Login was successful\");\n@Prompt([OK];\"Failed\";\"Credentials are not valid\"));\n</p>\n</li>\n</ol>"
    },
    "pointer": {
        "direction": "right",
        "element": {
            "module": "appcanvas",
            "paneId": "ac-area-one"
        },
        "type": "default"
    },
    "navigationType": "manual",
    "navigationBar": {
        "left": {
            "text": "Previous",
            "enable": true,
            "hide": false
        },
        "right": {
            "text": "Next",
            "enable": true,
            "hide": false
        }
    },
    "navigationCondition": "",
    "position": "BOTTOM_RIGHT",
    "meta": {
        "Creator": "Anonymous",
        "CreatedOn": "Mon, 22 Jul 2024 20:38:46 GMT"
    },
    "context": [],
    "localization": {
        "en-us": {
            "content": {
                "title": "Add the formula to validate the input",
                "body": "<ol>\n<li>Right click on the empty line inside the <b>validate</b> function.</li>\n<li>From the context menu click on <b>Add Code From Formula</b></li>\n<li>The formula editor will open.below the controller editor.</li>\n<li>Copy and paste the folloiwng formula inside the formula editor:\n<p style=\"background-color:lightyellow; padding-left: 2%\">\n&lt;%=\n<br/>var inputName = this.view.usernameTextbox.text;\n<br>var inputPassword = this.view.passwordTextbox.text;\nvar validName = this.Usrname;\nvar validPassword = this.Psword;\n%&gt;\n\n@if(inputName=validName& inputPassword=validPassword;@Prompt([OK];\"Success!\";\"Login was successful\");\n@Prompt([OK];\"Failed\";\"Credentials are not valid\"));\n</p>\n</li>\n</ol>"
            }
        }
    }
}