{
    "kuid": "9f7958t0-41aa-40r8-a8u6-1f0f1bnd",
    "id": "VoltMX.ConfiguringAccessToDomino.CreateApp",
    "content": {
        "title": "Create a Foundry application",
        "body": "<p>Your Iris application will link to an application in Foundry to configure authentication and access to data in your Domino database. </p>\n<ol>\n<li>Click on the <strong>DATA & SERVICES</strong> tab in the right panel.</li>\n<li>Click on the menu icon on the far right. Then click <strong>Create New App</strong>.</li>\n</ol>"
    },
    "pointer": {
        "direction": "left",
        "element": "",
        "type": "none"
    },
    "navigationType": "manual",
    "navigationBar": {
        "left": {
            "text": "Previous",
            "enable": true,
            "hide": false
        },
        "right": {
            "text": "Next",
            "enable": true,
            "hide": false
        }
    },
    "navigationCondition": "",
    "position": "BOTTOM_RIGHT",
    "meta": {
        "Creator": "admin admin",
        "CreatedOn": "Tue, 17 Sep 2024 18:33:03 GMT"
    },
    "context": [],
    "localization": {
        "en-us": {
            "content": {
                "title": "Create a Foundry application",
                "body": "<p>Your Iris application will link to an application in Foundry to configure authentication and access to data in your Domino database. </p>\n<ol>\n<li>Click on the <strong>DATA & SERVICES</strong> tab in the right panel.</li>\n<li>Click on the menu icon on the far right. Then click <strong>Create New App</strong>.</li>\n</ol>"
            }
        }
    }
}