{
    "kuid": "9c1d75tc-96a9-4are-83ub-51ea8enf",
    "id": "VoltMX.VoltFormulaSettings.viewWithError",
    "content": {
        "title": "View the App",
        "body": "<ol>\n<li>In the <b>Volt MX App</b> window, Use these login credentials:\n<ul>\n<li>Username: <b>john.doe@woodburn.com</b>\n</li><li>Password: <b>VoltMX@123</b></ul></li>\n<li>You will get an alert that the user name is not a valid format. However the user name is correct.<br>This occurs because the Rosetta settings indicated to use the Open Formula implementation when both Open Formula and Notes have the same API. The call to the <strong>left</strong> API in the <strong>validate</strong> function, called the Open Formula implmentation. The Open Formula implementation does not accept a string as the second parameter. Only the Notes Formula implementation accepts a string in the second parameter.</li>\n<li>To <b>Exit</b>, close the preview window.</li>\n</ol>"
    },
    "pointer": {
        "direction": "left",
        "element": "",
        "type": "none"
    },
    "navigationType": "manual",
    "navigationBar": {
        "left": {
            "text": "Previous",
            "enable": true,
            "hide": false
        },
        "right": {
            "text": "Next",
            "enable": true,
            "hide": false
        }
    },
    "navigationCondition": "",
    "position": "BOTTOM_RIGHT",
    "meta": {
        "Creator": "Anonymous",
        "CreatedOn": "Mon, 05 Aug 2024 18:11:30 GMT"
    },
    "context": [],
    "localization": {
        "en-us": {
            "content": {
                "title": "View the App",
                "body": "<ol>\n<li>In the <b>Volt MX App</b> window, Use these login credentials:\n<ul>\n<li>Username: <b>john.doe@woodburn.com</b>\n</li><li>Password: <b>VoltMX@123</b></ul></li>\n<li>You will get an alert that the user name is not a valid format. However the user name is correct.<br>This occurs because the Rosetta settings indicated to use the Open Formula implementation when both Open Formula and Notes have the same API. The call to the <strong>left</strong> API in the <strong>validate</strong> function, called the Open Formula implmentation. The Open Formula implementation does not accept a string as the second parameter. Only the Notes Formula implementation accepts a string in the second parameter.</li>\n<li>To <b>Exit</b>, close the preview window.</li>\n</ol>"
            }
        }
    }
}