{
    "kuid": "b6a169t4-d1ab-4fr8-aau9-b61977na",
    "id": "VoltMX.IntroVoltFormula.aeBuild",
    "content": {
        "title": "Build and run the Live Preview",
        "body": "<ol><li>From the main menu, select <b>Build</b>.</li>\n<li>Click <b>Run Live Preview</b>.</li>"
    },
    "pointer": {
        "direction": "left",
        "element": "",
        "type": "none"
    },
    "navigationType": "manual",
    "navigationBar": {
        "left": {
            "text": "Previous",
            "enable": true,
            "hide": false
        },
        "right": {
            "text": "Next",
            "enable": true,
            "hide": false
        }
    },
    "navigationCondition": "",
    "position": "BOTTOM_RIGHT",
    "meta": {
        "Creator": "Anonymous",
        "CreatedOn": "Mon, 22 Jul 2024 20:43:35 GMT"
    },
    "context": [],
    "localization": {
        "en-us": {
            "content": {
                "title": "Build and run the Live Preview",
                "body": "<ol><li>From the main menu, select <b>Build</b>.</li>\n<li>Click <b>Run Live Preview</b>.</li>"
            }
        }
    }
}