<?xml version="1.0"?>
<Hike kuid="b28cc7te-2da8-49rb-92u9-f583a0n2" id="VoltMX.AddingDominoAccessforVoltForm" title="VoltMX.AddingDominoAccessforVoltFormula">
    <Description>Add access to a Domino backend</Description>
    <Meta>
        <Creator>admin admin</Creator>
        <CreatedOn>Thu, 26 Sep 2024 13:59:16 GMT</CreatedOn>
    </Meta>
    <Hikecard id="VoltMX.AddingDominoAccessforVoltForm.Intro"/>
    <Hikecard id="VoltMX.AddingDominoAccessforVoltForm.Open"/>
    <Hikecard id="VoltMX.AddingDominoAccessforVoltForm.CreateList"/>
    <Hikecard id="VoltMX.AddingDominoAccessforVoltForm.UpdateLogin"/>
    <Hikecard id="VoltMX.AddingDominoAccessforVoltForm.UpdateLoginAE"/>
    <Hikecard id="VoltMX.AddingDominoAccessforVoltForm.BldListUI1"/>
    <Hikecard id="VoltMX.AddingDominoAccessforVoltForm.BldListUI2"/>
    <Hikecard id="VoltMX.AddingDominoAccessforVoltForm.BldListHdnLbl"/>
    <Hikecard id="VoltMX.AddingDominoAccessforVoltForm.BldListUI3"/>
    <Hikecard id="VoltMX.AddingDominoAccessforVoltForm.PopulateList"/>
    <Hikecard id="VoltMX.AddingDominoAccessforVoltForm.GetList"/>
    <Hikecard id="VoltMX.AddingDominoAccessforVoltForm.MapList"/>
    <Hikecard id="VoltMX.AddingDominoAccessforVoltForm.MapList2"/>
    <Hikecard id="VoltMX.AddingDominoAccessforVoltForm.OpenDB"/>
    <Hikecard id="VoltMX.AddingDominoAccessforVoltForm.CreateDetails"/>
    <Hikecard id="VoltMX.AddingDominoAccessforVoltForm.SetCurrent"/>
    <Hikecard id="VoltMX.AddingDominoAccessforVoltForm.SetCurrent2"/>
    <Hikecard id="VoltMX.AddingDominoAccessforVoltForm.BldDetailsUI1"/>
    <Hikecard id="VoltMX.AddingDominoAccessforVoltForm.BldDetailsClose1"/>
    <Hikecard id="VoltMX.AddingDominoAccessforVoltForm.BldDetailsClose2"/>
    <Hikecard id="VoltMX.AddingDominoAccessforVoltForm.BldDetailsUI2"/>
    <Hikecard id="VoltMX.AddingDominoAccessforVoltForm.BldDetailsUI3"/>
    <Hikecard id="VoltMX.AddingDominoAccessforVoltForm.FillDetails"/>
    <Hikecard id="VoltMX.AddingDominoAccessforVoltForm.FillDetails2"/>
    <Hikecard id="VoltMX.AddingDominoAccessforVoltForm.FillDetails3"/>
    <Hikecard id="VoltMX.AddingDominoAccessforVoltForm.SettingsPre"/>
    <Hikecard id="VoltMX.AddingDominoAccessforVoltForm.Publish"/>
    <Hikecard id="VoltMX.AddingDominoAccessforVoltForm.AppViewer"/>
    <Hikecard id="VoltMX.AddingDominoAccessforVoltForm.View"/>
    <Hikecard id="VoltMX.AddingDominoAccessforVoltForm.Last"/>
</Hike>