{
    "kuid": "8dcfaat2-45ad-4bre-beu1-0caa35n8",
    "id": "VoltMX.IntroVoltFormula.ActionIntro",
    "content": {
        "title": "Using the Action Editor",
        "body": "<p>Now let's use the action editor to perform the same function. \n<ul>\n<li>The action editor allows you to attach actions for events that occur on certain elements..</li>\n<li>You will change the app to use a formula action when the <strong>Login</strong> button is clicked.</li>\n</ul>"
    },
    "pointer": {
        "direction": "left",
        "element": "",
        "type": "none"
    },
    "navigationType": "manual",
    "navigationBar": {
        "left": {
            "text": "Previous",
            "enable": true,
            "hide": false
        },
        "right": {
            "text": "Next",
            "enable": true,
            "hide": false
        }
    },
    "navigationCondition": "",
    "position": "BOTTOM_RIGHT",
    "meta": {
        "Creator": "Anonymous",
        "CreatedOn": "Wed, 24 Jul 2024 18:25:07 GMT"
    },
    "context": [],
    "localization": {
        "en-us": {
            "content": {
                "title": "Using the Action Editor",
                "body": "<p>Now let's use the action editor to perform the same function. \n<ul>\n<li>The action editor allows you to attach actions for events that occur on certain elements..</li>\n<li>You will change the app to use a formula action when the <strong>Login</strong> button is clicked.</li>\n</ul>"
            }
        }
    }
}