{
    "kuid": "8c8d0et7-7eaa-47re-94u2-643684n4",
    "id": "VoltMX.AddingDominoAccessforVoltForm.BldListUI1",
    "content": {
        "title": "Build the Customers List UI",
        "body": "<p>Now let's update the customer list form to show the list of customers. The <b>Default Library</b> tab contains the pre-bundled UI components to help design forms.</p>\n<ol>\n<li>In the <b>Project</b> explorer, select <b>frmCustomerList</b> to open the form.\n<li>From the bottom-left of Iris, navigate to the <b>Default Library</b>.</li>\n<li>Next to the <b>Default Library</b>, you will see the <b>My Libraries</b> tab and a search icon. Click the search icon 🔍.</li>\n<li>In the search bar that appears, enter <b>TitleMenu</b>.</li>\n<li>From the results, drag and drop the <b>TitleMenu</b> component onto the <b>frmCustomerList</b> form on your canvas.</li>\n<li>Click on <b>headerTitleLabel</b> and in the <b>PROPERTIES</b> tab on the right side under <b>Look</b> set <b>Text</b> to <b>Customers</b>.</li>\n</ol>"
    },
    "pointer": {
        "direction": "left",
        "element": {
            "module": "konylibrary"
        },
        "type": "default"
    },
    "navigationType": "manual",
    "navigationBar": {
        "left": {
            "text": "Previous",
            "enable": true,
            "hide": false
        },
        "right": {
            "text": "Next",
            "enable": true,
            "hide": false
        }
    },
    "navigationCondition": "",
    "position": "BOTTOM_RIGHT",
    "meta": {
        "Creator": "admin admin",
        "CreatedOn": "Mon, 30 Sep 2024 20:19:55 GMT"
    },
    "context": [],
    "localization": {
        "en-us": {
            "content": {
                "title": "Build the Customers List UI",
                "body": "<p>Now let's update the customer list form to show the list of customers. The <b>Default Library</b> tab contains the pre-bundled UI components to help design forms.</p>\n<ol>\n<li>In the <b>Project</b> explorer, select <b>frmCustomerList</b> to open the form.\n<li>From the bottom-left of Iris, navigate to the <b>Default Library</b>.</li>\n<li>Next to the <b>Default Library</b>, you will see the <b>My Libraries</b> tab and a search icon. Click the search icon 🔍.</li>\n<li>In the search bar that appears, enter <b>TitleMenu</b>.</li>\n<li>From the results, drag and drop the <b>TitleMenu</b> component onto the <b>frmCustomerList</b> form on your canvas.</li>\n<li>Click on <b>headerTitleLabel</b> and in the <b>PROPERTIES</b> tab on the right side under <b>Look</b> set <b>Text</b> to <b>Customers</b>.</li>\n</ol>"
            }
        }
    }
}