{
    "kuid": "712635t5-99ab-49r2-bdud-0877e3n2",
    "id": "VoltMX.AddingDominoAccessforVoltForm.PopulateList",
    "content": {
        "title": "Populate the Customer List",
        "body": "<ol>\n<li>In the <b>Project</b> explorer, click on the <b>frmCustomerList</b> form.</li>\n<li>In the <b>PROPERTIES</b> tab on the right click on <b>Action</b>.</li> \n<li>Click on the <b>Edit</b> button beside <b>onMapping</b> to open the action editor.</li>\n</ol>"
    },
    "pointer": {
        "direction": "left",
        "element": "",
        "type": "none"
    },
    "navigationType": "manual",
    "navigationBar": {
        "left": {
            "text": "Previous",
            "enable": true,
            "hide": false
        },
        "right": {
            "text": "Next",
            "enable": true,
            "hide": false
        }
    },
    "navigationCondition": "",
    "position": "BOTTOM_RIGHT",
    "meta": {
        "Creator": "admin admin",
        "CreatedOn": "Mon, 30 Sep 2024 20:32:29 GMT"
    },
    "context": [],
    "localization": {
        "en-us": {
            "content": {
                "title": "Populate the Customer List",
                "body": "<ol>\n<li>In the <b>Project</b> explorer, click on the <b>frmCustomerList</b> form.</li>\n<li>In the <b>PROPERTIES</b> tab on the right click on <b>Action</b>.</li> \n<li>Click on the <b>Edit</b> button beside <b>onMapping</b> to open the action editor.</li>\n</ol>"
            }
        }
    }
}