{
    "kuid": "33a173te-70ac-43r2-a8ud-a9c137ne",
    "id": "VoltMX.AddingDominoAccessforVoltForm.SetCurrent2",
    "content": {
        "title": "Set the current document",
        "body": "<ol>\n<li>From the left menu under <strong>FUNCTION</strong>, click on <strong>Add Snippet</strong>.</li>\n<li>In the snippet editor on the right panel, copy and paste the following code:\n<p style=\"background-color: lightyellow; padding-left: 2%; overflow-y:auto; height:250px;\">\n// Get the unid of the selected document from the row data<br>\nconst unid = this.view.sgmtCustomerList.selectedRowItems[0].lblUnid.text;<br>\n<br>\n// Set that document as the current document in the Domino database<br>\nvoltmx.rosettajs.DatabaseUtilities.setCurrentDocument(\"Customer\", unid)<br>\n  .then((doc)=> {<br>\n  if (Object.keys(doc).length === 0 && doc.constructor === Object) {<br>\n    voltmx.print('Failed to set current document for unid='+ unid);<br>\n  } else {<br>\n    // Open the customer details form<br>\n    var ntf = new voltmx.mvc.Navigation(\"frmCustomerDetails\");<br>\n    ntf.navigate();<br>\n  }<br>\n}).catch((err) => {<br>\n  voltmx.print('Failed to set current document for unid='+ unid + \": \"+ err);<br>\n});<br>\n<p>\n</li>\n<li>Click on the <strong>Save</strong> button to save the changes. </li>\n</ol>"
    },
    "pointer": {
        "direction": "left",
        "element": "",
        "type": "none"
    },
    "navigationType": "manual",
    "navigationBar": {
        "left": {
            "text": "Previous",
            "enable": true,
            "hide": false
        },
        "right": {
            "text": "Next",
            "enable": true,
            "hide": false
        }
    },
    "navigationCondition": "",
    "position": "BOTTOM_LEFT",
    "meta": {
        "Creator": "admin admin",
        "CreatedOn": "Mon, 30 Sep 2024 21:27:13 GMT"
    },
    "context": [],
    "localization": {
        "en-us": {
            "content": {
                "title": "Set the current document",
                "body": "<ol>\n<li>From the left menu under <strong>FUNCTION</strong>, click on <strong>Add Snippet</strong>.</li>\n<li>In the snippet editor on the right panel, copy and paste the following code:\n<p style=\"background-color: lightyellow; padding-left: 2%; overflow-y:auto; height:250px;\">\n// Get the unid of the selected document from the row data<br>\nconst unid = this.view.sgmtCustomerList.selectedRowItems[0].lblUnid.text;<br>\n<br>\n// Set that document as the current document in the Domino database<br>\nvoltmx.rosettajs.DatabaseUtilities.setCurrentDocument(\"Customer\", unid)<br>\n  .then((doc)=> {<br>\n  if (Object.keys(doc).length === 0 && doc.constructor === Object) {<br>\n    voltmx.print('Failed to set current document for unid='+ unid);<br>\n  } else {<br>\n    // Open the customer details form<br>\n    var ntf = new voltmx.mvc.Navigation(\"frmCustomerDetails\");<br>\n    ntf.navigate();<br>\n  }<br>\n}).catch((err) => {<br>\n  voltmx.print('Failed to set current document for unid='+ unid + \": \"+ err);<br>\n});<br>\n<p>\n</li>\n<li>Click on the <strong>Save</strong> button to save the changes. </li>\n</ol>"
            }
        }
    }
}