{
    "kuid": "8ed2f2t2-80a9-4ar8-95u1-4ab0b7n1",
    "id": "VoltMX.VoltFormulaSettings.viewIntellisense",
    "content": {
        "title": "View Intellisense results",
        "body": "<ol>\n<li> Right click on the empty line in the validate function and select <strong>Add Code From Formula</strong>. The formula editor will open.</li>\n<li>Lets see how the Intellisense filters in action. Type <strong>@</strong> in the formula editor. </li>\n<li>You will see the autocompletion results shown. Notice that some results are greyed out. These are the formulas that have not been implemented yet.</li>\n<li>Formulas that will not be implemented will be shown as strikeout text. Notice that none of the results are shown with strikeout text. @Abstract is a Notes Formula that will not be implemented in VoltFormula, and you do not see it in the results. \n<br>This is because the formulas that will not be implemented in VoltFormula have been filtered out of the intellisense results. \n</li>\n</ol>"
    },
    "pointer": {
        "direction": "left",
        "element": {
            "module": "appcanvas",
            "paneId": "ac-area-one"
        },
        "type": "default"
    },
    "navigationType": "manual",
    "navigationBar": {
        "left": {
            "text": "Previous",
            "enable": true,
            "hide": false
        },
        "right": {
            "text": "Next",
            "enable": true,
            "hide": false
        }
    },
    "navigationCondition": "",
    "position": "BOTTOM_RIGHT",
    "meta": {
        "Creator": "Anonymous",
        "CreatedOn": "Mon, 05 Aug 2024 18:36:38 GMT"
    },
    "context": [],
    "localization": {
        "en-us": {
            "content": {
                "title": "View Intellisense results",
                "body": "<ol>\n<li> Right click on the empty line in the validate function and select <strong>Add Code From Formula</strong>. The formula editor will open.</li>\n<li>Lets see how the Intellisense filters in action. Type <strong>@</strong> in the formula editor. </li>\n<li>You will see the autocompletion results shown. Notice that some results are greyed out. These are the formulas that have not been implemented yet.</li>\n<li>Formulas that will not be implemented will be shown as strikeout text. Notice that none of the results are shown with strikeout text. @Abstract is a Notes Formula that will not be implemented in VoltFormula, and you do not see it in the results. \n<br>This is because the formulas that will not be implemented in VoltFormula have been filtered out of the intellisense results. \n</li>\n</ol>"
            }
        }
    }
}