{
    "kuid": "0f5816t3-26a9-49r9-8dub-eea176nc",
    "id": "VoltMX.AddingDominoAccessforVoltForm.Open",
    "content": {
        "title": "Open the project",
        "body": "<ol>\n<li>Navigate to <strong>Project</strong> &gt; <strong>Open</strong> &gt; <strong>HCL Reference Architecture</strong> &gt; <strong>VoltMXJavaS</strong> to open the javascript project.</li>\n<li>Click on the <strong>Design</strong> tab to open the <b>Project</b> explorer.</li>\n</ol>"
    },
    "pointer": {
        "direction": "left",
        "element": "",
        "type": "none"
    },
    "navigationType": "manual",
    "navigationBar": {
        "left": {
            "text": "Previous",
            "enable": true,
            "hide": false
        },
        "right": {
            "text": "Next",
            "enable": true,
            "hide": false
        }
    },
    "navigationCondition": "",
    "position": "TOP_RIGHT",
    "meta": {
        "Creator": "admin admin",
        "CreatedOn": "Thu, 26 Sep 2024 14:11:26 GMT"
    },
    "context": [],
    "localization": {
        "en-us": {
            "content": {
                "title": "Open the project",
                "body": "<ol>\n<li>Navigate to <strong>Project</strong> &gt; <strong>Open</strong> &gt; <strong>HCL Project Architecture</strong> &gt; <strong>VoltMXJavaS</strong> to open the javascript project.</li>\n<li>Click on the <strong>Design</strong> tab to open the <b>Project</b> explorer.</li>\n</ol>"
            }
        }
    }
}