{
    "kuid": "8cb0fbt4-59aa-4dr7-a8u8-87b733n0",
    "id": "VoltMX.VoltFormulaSettings.addSnippet",
    "content": {
        "title": "Invoke the validate function",
        "body": "<ol>\n <li>On the left panel under <strong>FUNCTION</strong>, click the <strong>Add Snippet</strong> action. It will be added after the <strong>Add Variable</strong>. </li>\n<li>Copy and paste the following formula into the javascript editor in the right panel:\n<p style=\"background-color:lightyellow; padding-left: 2%\">\nformatValid = this.validate();\n</p>\n</li>\n</ol>"
    },
    "pointer": {
        "direction": "left",
        "element": "",
        "type": "none"
    },
    "navigationType": "manual",
    "navigationBar": {
        "left": {
            "text": "Previous",
            "enable": true,
            "hide": false
        },
        "right": {
            "text": "Next",
            "enable": true,
            "hide": false
        }
    },
    "navigationCondition": "",
    "position": "BOTTOM_RIGHT",
    "meta": {
        "Creator": "Anonymous",
        "CreatedOn": "Wed, 07 Aug 2024 17:54:27 GMT"
    },
    "context": [],
    "localization": {
        "en-us": {
            "content": {
                "title": "Invoke the validate function",
                "body": "<ol>\n <li>On the left panel under <strong>FUNCTION</strong>, click the <strong>Add Snippet</strong> action. It will be added after the <strong>Add Variable</strong>. </li>\n<li>Copy and paste the following formula into the javascript editor in the right panel:\n<p style=\"background-color:lightyellow; padding-left: 2%\">\nformatValid = this.validate();\n</p>\n</li>\n</ol>"
            }
        }
    }
}