{
    "kuid": "934554t1-1fa2-47ra-a6ue-b76fcfn9",
    "id": "VoltMX.VoltFormulaSettings.apiImpl",
    "content": {
        "title": "VoltFormula API Configuration",
        "body": "<p>The  <strong>API Configuration</strong> section contains setting that affect the behavior of VoltFormula API.\n<ul>\n<li>We will cover register custom APIs in a seperate hike.</li>\n<li>VoltFormula provides support for both <strong>Notes Formula</strong> and <strong>Open Formula</strong>. The <strong>Preferred API implementation</strong> settings determines which formula implementation should be used if a formula is implemented in both <strong>Notes Formula</strong> and <strong>Open Formula</strong>.</li>\n<li>Click on the <strong>Open Formula</strong> to select it.</li>\n</ul>"
    },
    "pointer": {
        "direction": "left",
        "element": {
            "css_selector": "div#projectsettings_rosetta-apiconfiguration-preferredformulaimpl"
        },
        "type": "default"
    },
    "navigationType": "manual",
    "navigationBar": {
        "left": {
            "text": "Previous",
            "enable": true,
            "hide": false
        },
        "right": {
            "text": "Next",
            "enable": true,
            "hide": false
        }
    },
    "navigationCondition": "",
    "position": "BOTTOM_RIGHT",
    "meta": {
        "Creator": "admin admin",
        "CreatedOn": "Tue, 30 Jul 2024 18:25:08 GMT"
    },
    "context": [],
    "localization": {
        "en-us": {
            "content": {
                "title": "VoltFormula API Configuration",
                "body": "<p>The  <strong>API Configuration</strong> section contains setting that affect the behavior of VoltFormula API.\n<ul>\n<li>We will cover register custom APIs in a seperate hike.</li>\n<li>VoltFormula provides support for both <strong>Notes Formula</strong> and <strong>Open Formula</strong>. The <strong>Preferred API implementation</strong> settings determines which formula implementation should be used if a formula is implemented in both <strong>Notes Formula</strong> and <strong>Open Formula</strong>.</li>\n<li>Click on the <strong>Open Formula</strong> to select it.</li>\n</ul>"
            }
        }
    }
}