{
    "kuid": "5988f0t7-01af-49r7-8fua-d57126nf",
    "id": "VoltMX.AddingDominoAccessforVoltForm.BldListHdnLbl",
    "content": {
        "title": "Build the Customers List UI",
        "body": "<ol>\n <li>From the bottom-left of Iris, navigate to the <b>Default Library</b> and clear the search field.</li>\n <li>Drag <b>Label</b> element to anywhere on the row.</li>\n <li>In the <b>Project</b> explorer, right click on the label and click <b>Rename</b>.</li>\n <li>Rename it to <b>lblUnid</b>.</li>\n <li>In the <b>PROPERTIES</b> tab on the right side under <b>Look</b> set <b>Visible</b> to <b>Off</b>.\n </ol>"
    },
    "pointer": {
        "direction": "left",
        "element": {
            "module": "konylibrary"
        },
        "type": "default"
    },
    "navigationType": "manual",
    "navigationBar": {
        "left": {
            "text": "Previous",
            "enable": true,
            "hide": false
        },
        "right": {
            "text": "Next",
            "enable": true,
            "hide": false
        }
    },
    "navigationCondition": "",
    "position": "BOTTOM_RIGHT",
    "meta": {
        "Creator": "admin admin",
        "CreatedOn": "Tue, 01 Oct 2024 20:03:24 GMT"
    },
    "context": [],
    "localization": {
        "en-us": {
            "content": {
                "title": "Build the Customers List UI",
                "body": "<ol>\n <li>From the bottom-left of Iris, navigate to the <b>Default Library</b> and clear the search field.</li>\n <li>Drag <b>Label</b> element to anywhere on the row.</li>\n <li>In the <b>Project</b> explorer, right click on the label and click <b>Rename</b>.</li>\n <li>Rename it to <b>lblUnid</b>.</li>\n <li>In the <b>PROPERTIES</b> tab on the right side under <b>Look</b> set <b>Visible</b> to <b>Off</b>.\n </ol>"
            }
        }
    }
}