{
    "kuid": "eeb67et8-c9a5-48rd-bdu9-8fe695nb",
    "id": "VoltMX.AddingDominoAccessforVoltForm.BldDetailsClose2",
    "content": {
        "title": "Add a close button",
        "body": "<ol>\n<li>From the left menu under <strong>GENERAL</strong>, click on <strong>Navigate to Form</strong>.</li>\n<li>In the options on the right panel, click on <b>frmCustomerList</b>.</li>\n<li>Click on the <strong>Save</strong> button to save the changes. </li>\n</ol>"
    },
    "pointer": {
        "direction": "left",
        "element": "",
        "type": "none"
    },
    "navigationType": "manual",
    "navigationBar": {
        "left": {
            "text": "Previous",
            "enable": true,
            "hide": false
        },
        "right": {
            "text": "Next",
            "enable": true,
            "hide": false
        }
    },
    "navigationCondition": "",
    "position": "BOTTOM_LEFT",
    "meta": {
        "Creator": "Anonymous",
        "CreatedOn": "Tue, 01 Oct 2024 18:27:56 GMT"
    },
    "context": [],
    "localization": {
        "en-us": {
            "content": {
                "title": "Add a close button",
                "body": "<ol>\n<li>From the left menu under <strong>GENERAL</strong>, click on <strong>Navigate to Form</strong>.</li>\n<li>In the options on the right panel, click on <b>frmCustomerList</b>.</li>\n<li>Click on the <strong>Save</strong> button to save the changes. </li>\n</ol>"
            }
        }
    }
}