{
    "kuid": "874342te-e0a0-42r8-9bu3-2ea07dnf",
    "id": "VoltMX.IntroVoltFormula.aeSave",
    "content": {
        "title": "Save the changes",
        "body": "<ul>\n<li>The converted javascript code for the formula will appear between a <strong>begin</strong> and <strong>end</strong> comments in the <strong>code snippet</strong> window above the <strong>Formula editor</strong>. Do no change the javascript code directly, always using the <strong>Formula editor</strong> when changing code converted from a formula. </li>\n<li>Click the  <strong>Save</strong> button to save these changes. </li>\n</ul>"
    },
    "pointer": {
        "direction": "left",
        "element": {
            "css_selector": "input[id*='_pfspapply']"
        },
        "type": "none"
    },
    "navigationType": "manual",
    "navigationBar": {
        "left": {
            "text": "Previous",
            "enable": true,
            "hide": false
        },
        "right": {
            "text": "Next",
            "enable": true,
            "hide": false
        }
    },
    "navigationCondition": "",
    "position": "BOTTOM_LEFT",
    "meta": {
        "Creator": "James Godwin",
        "CreatedOn": "Wed, 24 Jul 2024 20:21:10 GMT"
    },
    "context": [],
    "localization": {
        "en-us": {
            "content": {
                "body": "<ul>\n<li>The converted javascript code for the formula will appear between a <strong>begin</strong> and <strong>end</strong> comments in the <strong>code snippet</strong> window above the <strong>Formula editor</strong>. Do no change the javascript code directly, always using the <strong>Formula editor</strong> when changing code converted from a formula. </li>\n<li>Click the  <strong>Save</strong> button to save these changes. </li>\n</ul>",
                "title": "Save the changes"
            }
        }
    }
}