{
    "kuid": "3bae1ft0-a2a5-4dr8-9aud-e1dfa3na",
    "id": "VoltMX.AddingDominoAccessforVoltForm.Intro",
    "content": {
        "title": "Accessing Domino for VoltFormula",
        "body": "<p>In this hike we will use VoltFormula to access a Domino database via Foundry object services.</p>\n<br>Before you get started, complete the hike: \n<ol>\n<li><a class=\\\"tour-link\\\" tour=\\\"64e694t9-11a2-49rb-8du1-201d3bn0\\\">Configure access to a Domino database</a></li>\n</ol></br>\n<p><strong>When you are ready, click Start!</strong></p>"
    },
    "pointer": {
        "direction": "left",
        "element": "",
        "type": "none"
    },
    "navigationType": "manual",
    "navigationBar": {
        "left": {
            "text": "Previous",
            "enable": false,
            "hide": true
        },
        "right": {
            "text": "Start",
            "enable": true,
            "hide": false
        }
    },
    "navigationCondition": "",
    "position": "CENTER",
    "meta": {
        "Creator": "admin admin",
        "CreatedOn": "Thu, 26 Sep 2024 14:00:34 GMT"
    },
    "context": [],
    "localization": {
        "en-us": {
            "content": {
                "title": "Accessing Domino for VoltFormula",
                "body": "<p>In this hike we will use VoltFormula to access a Domino database via Foundry object services.</p>\n<br>Before you get started, complete the hike: \n<ol>\n<li><a class=\\\"tour-link\\\" tour=\\\"64e694t9-11a2-49rb-8du1-201d3bn0\\\">Configure access to a Domino database</a></li>\n</ol></br>\n<p><strong>When you are ready, click Start!</strong></p>"
            },
            "navigationBar": {
                "right": {
                    "text": "Start"
                }
            }
        }
    }
}