{
    "kuid": "9f6499t4-16aa-4dr4-8au5-64599fnf",
    "id": "VoltMX.VoltFormulaSettings.funcConvert",
    "content": {
        "title": "Formula Function Conversions",
        "body": "<p>Certain formulas can be converted directly to native javascript instead of using the corresponding Rosetta API call. \n<ul>\n<li>For example, true and false formula statements can be represented as native javascript true and flase statements. Using the native code may be cleaner than calling the Rosetta true and false apis. </li>\n<li>Select <strong>@False, FALSE</strong> under the <strong>To Native Javascript</strong> column and then click <strong>Add</strong> to move it to the <strong>To API Calls</strong> column. </li>\n</ul>"
    },
    "pointer": {
        "direction": "right",
        "element": {
            "css_selector": "div#projectsettings_rosetta-nativeFormulas"
        },
        "type": "default"
    },
    "navigationType": "manual",
    "navigationBar": {
        "left": {
            "text": "Previous",
            "enable": true,
            "hide": false
        },
        "right": {
            "text": "Next",
            "enable": true,
            "hide": false
        }
    },
    "navigationCondition": "",
    "position": "BOTTOM_RIGHT",
    "meta": {
        "Creator": "admin admin",
        "CreatedOn": "Tue, 30 Jul 2024 19:20:53 GMT"
    },
    "context": [],
    "localization": {
        "en-us": {
            "content": {
                "title": "Formula Function Conversions",
                "body": "<p>Certain formulas can be converted directly to native javascript instead of using the corresponding Rosetta API call. \n<ul>\n<li>For example, true and false formula statements can be represented as native javascript true and flase statements. Using the native code may be cleaner than calling the Rosetta true and false apis. </li>\n<li>Select <strong>@False, FALSE</strong> under the <strong>To Native Javascript</strong> column and then click <strong>Add</strong> to move it to the <strong>To API Calls</strong> column. </li>\n</ul>"
            }
        }
    }
}