{
    "kuid": "132207t9-66aa-44r5-9au0-b87c06n4",
    "id": "VoltMX.IntroVoltFormula.settingPre",
     "content": {
    "title": "Settings for Live Preview",
    "body": "<ol><li>From the main menu, select <b>Build</b>.</li>\n<li>Click <b>Live Preview Settings</b>.</li>"
  },
  "pointer": {
    "direction": "left",
    "element": "",
    "type": "none"
  },
  "navigationType": "manual",
  "navigationBar": {
    "left": {
      "text": "Previous",
      "enable": true,
      "hide": false
    },
    "right": {
      "text": "Next",
      "enable": true,
      "hide": false
    }
  },
  "navigationCondition": "",
  "position": "BOTTOM_RIGHT",
    "meta": {
        "Creator": "Anonymous",
        "CreatedOn": "Mon, 22 Jul 2024 20:43:35 GMT"
    },
    "context": [],
    "localization": {
        "en-us": {
            "content": {
                "title": "Settings for Live Preview",
                "body": "<ol><li>From the main menu, select <b>Build</b>.</li>\n<li>Click <b>Live Preview Settings</b>.</li>"
            }
        }
    }
}