{
    "kuid": "8caa58ta-bfad-43r5-9bua-cca233n2",
    "id": "VoltMX.VoltFormulaSettings.passthrough",
    "content": {
        "title": "Converter passthrough",
        "body": "<p>The <strong>Converter Configuration</strong> section relates to  the VoltFormula converter. \n<ul>\n<li>The converter will convert the formula into javascript code. </li>\n<li>The passthrough settings controls if the converted will alllow unrecongnized formula language code to be pass throught to the javascript code. For example the JSP style syntax we using in the introduction hike requires this setting to be turned off.</li>\n<li>Deselect the passthrough checkbox. </li>\n</ul>"
    },
    "pointer": {
        "direction": "left",
        "element": {
            "css_selector": "div#projectsettings_rosetta-converterconfiguration-passthroughUnrecognized"
        },
        "type": "default"
    },
    "navigationType": "manual",
    "navigationBar": {
        "left": {
            "text": "Previous",
            "enable": true,
            "hide": false
        },
        "right": {
            "text": "Next",
            "enable": true,
            "hide": false
        }
    },
    "navigationCondition": "",
    "position": "BOTTOM_RIGHT",
    "meta": {
        "Creator": "admin admin",
        "CreatedOn": "Tue, 30 Jul 2024 19:13:39 GMT"
    },
    "context": [],
    "localization": {
        "en-us": {
            "content": {
                "title": "Converter passthrough",
                "body": "<p>The <strong>Converter Configuration</strong> section relates to  the VoltFormula converter. \n<ul>\n<li>The converter will convert the formula into javascript code. </li>\n<li>The passthrough settings controls if the converted will alllow unrecongnized formula language code to be pass throught to the javascript code. For example the JSP style syntax we using in the introduction hike requires this setting to be turned off.</li>\n<li>Deselect the passthrough checkbox. </li>\n</ul>"
            }
        }
    }
}