{
    "kuid": "91f0aftb-00a3-49r6-a0ua-0f5332nf",
    "id": "VoltMX.ConfiguringAccessToDomino.FoundryURL",
    "content": {
        "title": "Configure the Foundry URL",
        "body": "<ol>\n<li>In Iris, navigate to <strong>Volt Iris</strong> &gt; <strong>Settings…</strong> to open the Iris Settings.</li>\n<li>Click on <strong>Volt MX Foundry</strong> and enter the Foundry URL for your Foundry server.</li>\n<li>Click on <strong>Validate</strong> to validate the URL then click <strong>Done</strong> to save the changes.</li>\n</ol>"
    },
    "pointer": {
        "direction": "left",
        "element": "",
        "type": "none"
    },
    "navigationType": "manual",
    "navigationBar": {
        "left": {
            "text": "Previous",
            "enable": true,
            "hide": false
        },
        "right": {
            "text": "Next",
            "enable": true,
            "hide": false
        }
    },
    "navigationCondition": "",
    "position": "TOP_RIGHT",
    "meta": {
        "Creator": "admin admin",
        "CreatedOn": "Tue, 17 Sep 2024 17:42:31 GMT"
    },
    "context": [],
    "localization": {
        "en-us": {
            "content": {
                "title": "Configure the Foundry URL",
                "body": "<ol>\n<li>In Iris, navigate to <strong>Volt Iris</strong> &gt; <strong>Settings…</strong> to open the Iris Settings.</li>\n<li>Click on <strong>Volt MX Foundry</strong> and enter the Foundry URL for your Foundry server.</li>\n<li>Click on <strong>Validate</strong> to validate the URL then click <strong>Done</strong> to save the changes.</li>\n</ol>"
            }
        }
    }
}