{
    "kuid": "bfa0d2t5-0ea0-46r1-a3u4-7f128fnb",
    "id": "VoltMX.VoltFormulaSettings.enablePassthrough",
    "content": {
        "title": "Re-enable Passthrough",
        "body": "<p>Since our sample app requires that passthrough is enabled, let turn it back on. </p>\n<ol>\n<li>Click on the Project Settings button on the left to open the project setting.</li>\n<li>Select <strong>VoltFormula</strong> on the left.</li>\n<li>Click on the checkbox beside the passthrough setting under <strong>Converter Configuration</strong> to enable passthrough. </li>\n<li>Click <strong>Done</strong> to save the change. </li>\n</ol>"
    },
    "pointer": {
        "direction": "left",
        "element": "",
        "type": "none"
    },
    "navigationType": "manual",
    "navigationBar": {
        "left": {
            "text": "Previous",
            "enable": true,
            "hide": false
        },
        "right": {
            "text": "Next",
            "enable": true,
            "hide": false
        }
    },
    "navigationCondition": "",
    "position": "BOTTOM_LEFT",
    "meta": {
        "Creator": "Anonymous",
        "CreatedOn": "Mon, 05 Aug 2024 18:55:02 GMT"
    },
    "context": [],
    "localization": {
        "en-us": {
            "content": {
                "body": "<p>Since our sample app requires that passthrough is enabled, let turn it back on. </p>\n<ol>\n<li>Click on the Project Settings button on the left to open the project setting.</li>\n<li>Select <strong>VoltFormula</strong> on the left.</li>\n<li>Click on the checkbox beside the passthrough setting under <strong>Converter Configuration</strong> to enable passthrough. </li>\n<li>Click <strong>Done</strong> to save the change. </li>\n</ol>",
                "title": "Re-enable Passthrough"
            }
        }
    }
}