{
    "kuid": "77c639t0-3ba0-4cr5-97u1-b15e6bn3",
    "id": "VoltMX.AddingDominoAccessforVoltForm.MapList",
    "content": {
        "title": "Map the Customer List",
        "body": "<ol>\n<li>From the left menu under <strong>MAPPING</strong>, drag and drop <strong>Add Mapping</strong> under <strong>Dismiss loading indicator</strong>.</li>\n<li>In the options on the right, expand <b>Services</b> &gt; <b>Service - DemoObjectService$Customers$get</b> &gt; <b>records</b> in the first panel.</li>\n<li>Expand <b>Forms</b> &gt; <b>frmCustomerList</b> &gt; <b>Segment</b> &gt; <b>masterdatamap</b> &gt; <b>rowData</b> in the second panel.</li>\n<li>Expand each label under <b>rowData</b>.</li>\n</ol>"
    },
    "pointer": {
        "direction": "left",
        "element": "",
        "type": "none"
    },
    "navigationType": "manual",
    "navigationBar": {
        "left": {
            "text": "Previous",
            "enable": true,
            "hide": false
        },
        "right": {
            "text": "Next",
            "enable": true,
            "hide": false
        }
    },
    "navigationCondition": "",
    "position": "BOTTOM_RIGHT",
    "meta": {
        "Creator": "admin admin",
        "CreatedOn": "Mon, 30 Sep 2024 20:34:17 GMT"
    },
    "context": [],
    "localization": {
        "en-us": {
            "content": {
                "title": "Map the Customer List",
                "body": "<ol>\n<li>From the left menu under <strong>MAPPING</strong>, drag and drop <strong>Add Mapping</strong> under <strong>Dismiss loading indicator</strong>.</li>\n<li>In the options on the right, expand <b>Services</b> &gt; <b>Service - DemoObjectService$Customers$get</b> &gt; <b>records</b> in the first panel.</li>\n<li>Expand <b>Forms</b> &gt; <b>frmCustomerList</b> &gt; <b>Segment</b> &gt; <b>masterdatamap</b> &gt; <b>rowData</b> in the second panel.</li>\n<li>Expand each label under <b>rowData</b>.</li>\n</ol>"
            }
        }
    }
}