{
    "kuid": "bee88et0-dea7-49r4-9au1-64c450nd",
    "id": "VoltMX.ConfiguringAccessToDomino.CreateDRAPIApp",
    "content": {
        "title": "Create the Domino REST API application",
        "body": "<ol>\n<li>On the Domino REST API server Admin console click on <strong>Applications</strong> in the left navigation.</li>\n<li>Click on <strong>Add Application</strong> button and enter the following information:\n<ul>\n<li><strong>Application Name:</strong> DemoApp</li>\n<li><strong>Description: </strong> Hike Demo</li>\n<li><strong>Callback URLs:</strong> Paste the Callback URL from the previous step when you created the Identity service.</li>\n<li><strong>Startup Page:</strong> Enter any valid URL such as https://www.hcl.com</li>\n<li><strong>Scope: </strong> From the dropdown select <strong>$DATA</strong> and click the plus button to add it.</li>\n</ul>\n</li>\n<li>Click the <strong>Add</strong> button to create the application. </li>\n</ol>"
    },
    "pointer": {
        "direction": "left",
        "element": "",
        "type": "none"
    },
    "navigationType": "manual",
    "navigationBar": {
        "left": {
            "text": "Previous",
            "enable": true,
            "hide": false
        },
        "right": {
            "text": "Next",
            "enable": true,
            "hide": false
        }
    },
    "navigationCondition": "",
    "position": "CENTER",
    "meta": {
        "Creator": "admin admin",
        "CreatedOn": "Wed, 18 Sep 2024 18:11:46 GMT"
    },
    "context": [],
    "localization": {
        "en-us": {
            "content": {
                "title": "Create the Domino REST API application",
                "body": "<ol>\n<li>On the Domino REST API server Admin console click on <strong>Applications</strong> in the left navigation.</li>\n<li>Click on <strong>Add Application</strong> button and enter the following information:\n<ul>\n<li><strong>Application Name:</strong> DemoApp</li>\n<li><strong>Description: </strong> Hike Demo</li>\n<li><strong>Callback URLs:</strong> Paste the Callback URL from the previous step when you created the Identity service.</li>\n<li><strong>Startup Page:</strong> Enter any valid URL such as https://www.hcl.com</li>\n<li><strong>Scope: </strong> From the dropdown select <strong>$DATA</strong> and click the plus button to add it.</li>\n</ul>\n</li>\n<li>Click the <strong>Add</strong> button to create the application. </li>\n</ol>"
            }
        }
    }
}