{
    "kuid": "21828ft4-71af-48re-a4u1-a3bd50n7",
    "id": "VoltMX.IntroVoltFormula.last",
    "content": {
        "title": "Congratulations",
        "body": "<p>You have successfully:</p>\n<ul>\n<li><strong>Modified a Login form's controller to use a Notes Formula to generate code for validating the success and failure scenarios for login.</strong></li>\n<li><strong>Attached an action to the form's  Login button that uses a Notes Formula to generate code for validating the success and failure scenarios for login.</strong></li>\n<li><strong>Launched the app preview and tested both the success and failure scenarios</strong></li>\n</ul>"
    },
    "pointer": {
        "direction": "left",
        "element": "",
        "type": "none"
    },
    "navigationType": "manual",
    "navigationBar": {
        "left": {
            "text": "Previous",
            "enable": true,
            "hide": false
        },
        "right": {
            "text": "Done",
            "enable": true,
            "hide": false
        }
    },
    "navigationCondition": "",
    "position": "CENTER",
    "meta": {
        "Creator": "Anonymous",
        "CreatedOn": "Tue, 23 Jul 2024 18:34:55 GMT"
    },
    "context": [],
    "localization": {
        "en-us": {
            "content": {
                "title": "Congratulations",
                "body": "<p>You have successfully:</p>\n<ul>\n<li><strong>Modified a Login form's controller to use a Notes Formula to generate code for validating the success and failure scenarios for login.</strong></li>\n<li><strong>Attached an action to the form's  Login button that uses a Notes Formula to generate code for validating the success and failure scenarios for login.</strong></li>\n<li><strong>Launched the app preview and tested both the success and failure scenarios</strong></li>\n</ul>"
            }
        }
    }
}