{
    "kuid": "ec8a5ft0-7aa2-4fre-a3u2-59b36an7",
    "id": "VoltMX.ConfiguringAccessToDomino.ConfigDRAPI",
    "content": {
        "title": "Configure the Domino Database",
        "body": "<ol>\n<li>Copy the <strong>Demo.nsf</strong> to your Domino Server  so it is available to the Domino REST API.</li>\n<li>Open the Domino REST API server  Admin console and click on <strong>Quick Config</strong> in the left navigation.</li>\n<li>Select the <strong>Demo.nsf</strong> under <strong>Available Databases</strong> and enter the following:\n<ul>\n<li><strong>Schema Name:</strong> demoschema</li>\n<li><strong>Scope Name:</strong> demoscope</li>\n<li><strong>Description:</strong> Hike demo</li>\n<li><strong>Additional Modes:</strong> Check DQL</li>\n</ul>\n</li>\n<li>Click <strong>Add</strong></li>\n</ol>"
    },
    "pointer": {
        "direction": "left",
        "element": "",
        "type": "none"
    },
    "navigationType": "manual",
    "navigationBar": {
        "left": {
            "text": "Previous",
            "enable": true,
            "hide": false
        },
        "right": {
            "text": "Next",
            "enable": true,
            "hide": false
        }
    },
    "navigationCondition": "",
    "position": "CENTER",
    "meta": {
        "Creator": "admin admin",
        "CreatedOn": "Tue, 17 Sep 2024 15:06:05 GMT"
    },
    "context": [],
    "localization": {
        "en-us": {
            "content": {
                "title": "Configure the Domino Database",
                "body": "<ol>\n<li>Copy the <strong>Demo.nsf</strong> to your Domino Server  so it is available to the Domino REST API.</li>\n<li>Open the Domino REST API server  Admin console and click on <strong>Quick Config</strong> in the left navigation.</li>\n<li>Select the <strong>Demo.nsf</strong> under <strong>Available Databases</strong> and enter the following:\n<ul>\n<li><strong>Schema Name:</strong> demoschema</li>\n<li><strong>Scope Name:</strong> demoscope</li>\n<li><strong>Description:</strong> Hike demo</li>\n<li><strong>Additional Modes:</strong> Check DQL</li>\n</ul>\n</li>\n<li>Click <strong>Add</strong></li>\n</ol>"
            }
        }
    }
}