{
    "kuid": "7224fbt7-39af-4er3-bcuc-7b03a7n3",
    "id": "VoltMX.VoltFormulaSettings.save",
    "content": {
        "title": "Save your changes",
        "body": "<p>Now lets save the changes you have made and see how these changes affects the VoltFormula feature. \n<ul>\n<li>Click the <strong>Done</strong> button to save your changes to the VoltFormula settings.</li>\n</ul>"
    },
    "pointer": {
        "direction": "left",
        "element": {
            "css_selector": "input#projectsettings_rightarea_footer_donebutton"
        },
        "type": "default"
    },
    "navigationType": "manual",
    "navigationBar": {
        "left": {
            "text": "Previous",
            "enable": true,
            "hide": false
        },
        "right": {
            "text": "Next",
            "enable": true,
            "hide": false
        }
    },
    "navigationCondition": "",
    "position": "BOTTOM_LEFT",
    "meta": {
        "Creator": "admin admin",
        "CreatedOn": "Tue, 30 Jul 2024 19:48:56 GMT"
    },
    "context": [],
    "localization": {
        "en-us": {
            "content": {
                "title": "Save your changes",
                "body": "<p>Now lets save the changes you have made and see how these changes affects the VoltFormula feature. \n<ul>\n<li>Click the <strong>Done</strong> button to save your changes to the VoltFormula settings.</li>\n</ul>"
            }
        }
    }
}