{
    "kuid": "22621ct9-81ac-47rc-98ue-56138cnc",
    "id": "VoltMX.AddingDominoAccessforVoltForm.Last",
    "content": {
        "title": "Congratulations",
        "body": "<p>You have successfully:</p>\n<ul>\n<li>Modified a Login form's controller to authenticate with Domino using a Volt MX Foundry Identity Service.</li>\n<li>Show a list of records in a Domino database using a Volt MX Foundry Object Service.</li>\n<li>Used VoltFormula to open a Domino database, set the current document, and retrieve fields from the current document.</li>\n</ul>"
    },
    "pointer": {
        "direction": "left",
        "element": "",
        "type": "none"
    },
    "navigationType": "manual",
    "navigationBar": {
        "left": {
            "text": "Previous",
            "enable": true,
            "hide": false
        },
        "right": {
            "text": "Done",
            "enable": true,
            "hide": false
        }
    },
    "navigationCondition": "",
    "position": "CENTER",
    "meta": {
        "Creator": "admin admin",
        "CreatedOn": "Mon, 30 Sep 2024 21:12:34 GMT"
    },
    "context": [],
    "localization": {
        "en-us": {
            "content": {
                "title": "Congratulations",
                "body": "<p>You have successfully:</p>\n<ul>\n<li>Modified a Login form's controller to authenticate with Domino using a Volt MX Foundry Identity Service.</li>\n<li>Show a list of records in a Domino database using a Volt MX Foundry Object Service.</li>\n<li>Used VoltFormula to open a Domino database, set the current document, and retrieve fields from the current document.</li>\n</ul>"
            },
            "navigationBar": {
                "right": {
                    "text": "Done"
                }
            }
        }
    }
}