{
    "kuid": "31a94etc-21ae-42r8-9eu2-5f0259n3",
    "id": "VoltMX.AddingDominoAccessforVoltForm.View",
    "content": {
        "title": "View the App",
        "body": "<ol>\n<li>On your <b>Volt MX App</b>, click <b>Launch</b>.<br />\nIf you are prompted to provide the application name, enter <b>VoltMXJavaS</b> and click <b>Launch</b>.</li>\n<li>Click on the login button. This will open the Domino REST API login form.</li>\n<li>Enter the Domino username and password for the Demo database.<br>Tap the <b>Login</b> button to authenticate.</li>\n<li>You will see the list of customers in the Demo database. Tap on one to view the details.</li>\n<li>To <b>Exit</b> the preview, swipe two fingers from left to right or shake your mobile.</li>\n</ol>"
    },
    "pointer": {
        "direction": "left",
        "element": "",
        "type": "none"
    },
    "navigationType": "manual",
    "navigationBar": {
        "left": {
            "text": "Previous",
            "enable": true,
            "hide": false
        },
        "right": {
            "text": "Next",
            "enable": true,
            "hide": false
        }
    },
    "navigationCondition": "",
    "position": "CENTER",
    "meta": {
        "Creator": "admin admin",
        "CreatedOn": "Mon, 30 Sep 2024 21:11:42 GMT"
    },
    "context": [],
    "localization": {
        "en-us": {
            "content": {
                "title": "View the App",
                "body": "<ol>\n<li>On your <b>Volt MX App</b>, click <b>Launch</b>.<br />\nIf you are prompted to provide the application name, enter <b>VoltMXJavaS</b> and click <b>Launch</b>.</li>\n<li>Click on the login button. This will open the Domino REST API login form.</li>\n<li>Enter the Domino username and password for the Demo database.<br>Tap the <b>Login</b> button to authenticate.</li>\n<li>You will see the list of customers in the Demo database. Tap on one to view the details.</li>\n<li>To <b>Exit</b> the preview, swipe two fingers from left to right or shake your mobile.</li>\n</ol>"
            }
        }
    }
}