{
    "kuid": "2056dbt2-9ea1-46r5-b6u7-a35942nc",
    "id": "VoltMX.AddingDominoAccessforVoltForm.CreateDetails",
    "content": {
        "title": "Create Customer Details Form",
        "body": "<p>Let's create a form to show the details of a customer from our Demo database.</p>\n<ol>\n<li>In the Project Explorer, under <strong>Mobile</strong>, right click on <strong>Forms</strong> and select <strong>New Form</strong>.</li>\n<li>Right click on the new form and select <strong>Rename</strong>.</li>\n<li>Change the form name to <strong>frmCustomerDetails</strong>.</li>\n</ol><br>\n<p>We will come back to the customer list form later to populate it.</p>"
    },
    "pointer": {
        "direction": "left",
        "element": {
            "module": "projectexplorer"
        },
        "type": "default"
    },
    "navigationType": "manual",
    "navigationBar": {
        "left": {
            "text": "Previous",
            "enable": true,
            "hide": false
        },
        "right": {
            "text": "Next",
            "enable": true,
            "hide": false
        }
    },
    "navigationCondition": "",
    "position": "BOTTOM_RIGHT",
    "meta": {
        "Creator": "admin admin",
        "CreatedOn": "Mon, 30 Sep 2024 20:36:44 GMT"
    },
    "context": [],
    "localization": {
        "en-us": {
            "content": {
                "title": "Create Customer Details Form",
                "body": "<p>Let's create a form to show the details of a customer from our Demo database.</p>\n<ol>\n<li>In the Project Explorer, under <strong>Mobile</strong>, right click on <strong>Forms</strong> and select <strong>New Form</strong>.</li>\n<li>Right click on the new form and select <strong>Rename</strong>.</li>\n<li>Change the form name to <strong>frmCustomerDetails</strong>.</li>\n</ol><br>\n<p>We will come back to the customer list form later to populate it.</p>"
            }
        }
    }
}