{
    "kuid": "e7d69et5-1aaf-4er0-bdu7-3af7f2n4",
    "id": "VoltMX.CreateCustomFormulas.Build",
    "content": {
        "title": "Build and run the Live Preview",
        "body": "<ol>\n<li>From the main menu, select <b>Build</b>.</li>\n<li>Click <b>Live Preview Settings</b>.</li>\n</ol>"
    },
    "pointer": {
        "direction": "left",
        "element": "",
        "type": "none"
    },
    "navigationType": "manual",
    "navigationBar": {
        "left": {
            "text": "Previous",
            "enable": true,
            "hide": false
        },
        "right": {
            "text": "Next",
            "enable": true,
            "hide": false
        }
    },
    "navigationCondition": "",
    "position": "TOP_RIGHT",
    "meta": {
        "Creator": "Anonymous",
        "CreatedOn": "Mon, 19 Aug 2024 18:51:03 GMT"
    },
    "context": [],
    "localization": {
        "en-us": {
            "content": {
                "title": "Build and run the Live Preview",
                "body": "<ol>\n<li>From the main menu, select <b>Build</b>.</li>\n<li>Click <b>Live Preview Settings</b>.</li>\n</ol>"
            }
        }
    }
}