{
    "kuid": "3a5f4bt4-5ca3-44re-b4u3-c536c8n4",
    "id": "VoltMX.ConfiguringAccessToDomino.ConfigObjSvc",
    "content": {
        "title": "Configure the object service",
        "body": "<ol>\n<li>Click <strong>GENERATE</strong> button to generate the data model from the Domino database. <li>\n<li>Enter the credentials for the Domino Demo database if prompted</li>\n<li>Expand <strong>demoscope</strong> > <strong>Forms</strong> and select all the forms shown.</li>\n<li>Expand <strong>View Entities</strong> and select all the views shown.</li>\n<li>Click <strong>NEXT</strong>. </li>\n<li>Click <strong>GENERATE</strong> to create the data model. </li>\n</ol>"
    },
    "pointer": {
        "direction": "left",
        "element": "",
        "type": "none"
    },
    "navigationType": "manual",
    "navigationBar": {
        "left": {
            "text": "Previous",
            "enable": true,
            "hide": false
        },
        "right": {
            "text": "Next",
            "enable": true,
            "hide": false
        }
    },
    "navigationCondition": "",
    "position": "CENTER",
    "meta": {
        "Creator": "admin admin",
        "CreatedOn": "Tue, 17 Sep 2024 17:48:14 GMT"
    },
    "context": [],
    "localization": {
        "en-us": {
            "content": {
                "title": "Configure the object service",
                "body": "<ol>\n<li>Click <strong>GENERATE</strong> button to generate the data model from the Domino database. <li>\n<li>Enter the credentials for the Domino Demo database if prompted</li>\n<li>Expand <strong>demoscope</strong> > <strong>Forms</strong> and select all the forms shown.</li>\n<li>Expand <strong>View Entities</strong> and select all the views shown.</li>\n<li>Click <strong>NEXT</strong>. </li>\n<li>Click <strong>GENERATE</strong> to create the data model. </li>\n</ol>"
            }
        }
    }
}