{
    "kuid": "7a93e7t6-c1a7-4er8-a6u0-f9e439nd",
    "id": "VoltMX.IntroVoltFormula.aeAdd2",
    "content": {
        "title": "Enter the formula",
        "body": "<p>You will now enter the formula that will be executed when the Login button is clicked:\n<ol>\n<li>On the right side, a <strong>code snippet</strong> window is opened at the top and the <strong>Formula editor</strong> is opened at the bottom.</li>\n<li>Copy and paste the following formula code to the <strong>Formula editor</strong> window:\n<p style=\"background-color:lightyellow; padding-left: 2%\">\n&lt;%=\n<br/>var inputName = this.view.usernameTextbox.text;\n<br>var inputPassword = this.view.passwordTextbox.text;\n<br/>var validName = this.Usrname;\n<br/>var validPassword = this.Psword;\n<br/>%&gt;\n<br/>\n<br/>@if(inputName=validName& inputPassword=validPassword;@Prompt([OK];\"Success!\";\"Login was successful\");\n<br/>@Prompt([OK];\"Failed\";\"Credentials are not valid\"));\n<br/></p>\n</li>\n</ol>"
    },
    "pointer": {
        "direction": "left",
        "element": {
            "css_selector": "textarea[id$='-formula'] + div[class~='CodeMirror']"
        },
        "type": "default"
    },
    "navigationType": "manual",
    "navigationBar": {
        "left": {
            "text": "Previous",
            "enable": true,
            "hide": false
        },
        "right": {
            "text": "Next",
            "enable": true,
            "hide": false
        }
    },
    "navigationCondition": "",
    "position": "BOTTOM_LEFT",
    "meta": {
        "Creator": "James Godwin",
        "CreatedOn": "Wed, 24 Jul 2024 20:14:18 GMT"
    },
    "context": [],
    "localization": {
        "en-us": {
            "content": {
                "title": "Enter the formula",
                "body": "<p>You will now enter the formula that will be executed when the Login button is clicked:\n<ol>\n<li>On the right side, a <strong>code snippet</strong> window is opened at the top and the <strong>Formula editor</strong> is opened at the bottom.</li>\n<li>Copy and paste the following formula code to the <strong>Formula editor</strong> window:\n<p style=\"background-color:lightyellow; padding-left: 2%\">\n&lt;%=\n<br/>var inputName = this.view.usernameTextbox.text;\n<br>var inputPassword = this.view.passwordTextbox.text;\n<br/>var validName = this.Usrname;\n<br/>var validPassword = this.Psword;\n<br/>%&gt;\n<br/>\n<br/>@if(inputName=validName& inputPassword=validPassword;@Prompt([OK];\"Success!\";\"Login was successful\");\n<br/>@Prompt([OK];\"Failed\";\"Credentials are not valid\"));\n<br/></p>\n</li>\n</ol>"
            }
        }
    }
}