{
    "kuid": "16fec5t4-0aa7-48rf-9auc-e33d08n5",
    "id": "VoltMX.CreateCustomFormulas.View",
    "content": {
        "title": "View the App",
        "body": "<ol>\n<li>In the <b>Volt MX App</b> window, use these login credentials:\n<ul>\n<li>Username: <b>john.doe@woodburn.com</b></li>\n<li>Password: <b>VoltMX@123</b></li>\n</ul>\n<br>You should see an alert for success.\n<br>\n</li>\n<li>Also try entering a bad user name format:\n<ul>\n<li>Username: <b>john.doewoodburn.com</b></li>\n<li>Password: <b>VoltMX@123</b></li>\n</ul>\n<br>You should see a alert for bad format.<br>\n</li>\n<li>To <b>Exit</b>, close the preview window.</li>\n</ol>"
    },
    "pointer": {
        "direction": "left",
        "element": "",
        "type": "none"
    },
    "navigationType": "manual",
    "navigationBar": {
        "left": {
            "text": "Previous",
            "enable": true,
            "hide": false
        },
        "right": {
            "text": "Next",
            "enable": true,
            "hide": false
        }
    },
    "navigationCondition": "",
    "position": "TOP_RIGHT",
    "meta": {
        "Creator": "Anonymous",
        "CreatedOn": "Mon, 19 Aug 2024 18:58:06 GMT"
    },
    "context": [],
    "localization": {
        "en-us": {
            "content": {
                "title": "View the App",
                "body": "<ol>\n<li>In the <b>Volt MX App</b> window, use these login credentials:\n<ul>\n<li>Username: <b>john.doe@woodburn.com</b></li>\n<li>Password: <b>VoltMX@123</b></li>\n</ul>\n<br>You should see an alert for success.\n<br>\n</li>\n<li>Also try entering a bad user name format:\n<ul>\n<li>Username: <b>john.doewoodburn.com</b></li>\n<li>Password: <b>VoltMX@123</b></li>\n</ul>\n<br>You should see a alert for bad format.<br>\n</li>\n<li>To <b>Exit</b>, close the preview window.</li>\n</ol>"
            }
        }
    }
}