{
  "Card.VoltMX.AddingDominoAccessforVoltForm.Intro": {
    "content": {
      "title": "Accessing Domino for VoltFormula",
      "body": "<p>In this hike we will use VoltFormula to access a Domino database via Foundry object services.</p>\n<br>Before you get started, complete the hike: \n<ol>\n<li><a class=\\\"tour-link\\\" tour=\\\"64e694t9-11a2-49rb-8du1-201d3bn0\\\">Configure access to a Domino database</a></li>\n</ol></br>\n<p><strong>When you are ready, click Start!</strong></p>"
    },
    "navigationBar": {
      "right": {
        "text": "Start"
      }
    }
  },
  "Card.VoltMX.AddingDominoAccessforVoltForm.Open": {
    "content": {
      "title": "Open the project",
      "body": "<ol>\n<li>Navigate to <strong>Project</strong> &gt; <strong>Open</strong> &gt; <strong>HCL Project Architecture</strong> &gt; <strong>VoltMXJavaS</strong> to open the javascript project.</li>\n<li>Click on the <strong>Design</strong> tab to open the <b>Project</b> explorer.</li>\n</ol>"
    }
  },
  "Card.VoltMX.AddingDominoAccessforVoltForm.CreateList": {
    "content": {
      "title": "Create a Customer List Form",
      "body": "<p>Let's create a form to show the list of customers from our Demo database</p>\n<ol>\n<li>In the Project Explorer, expand <strong>Mobile</strong>.</li>\n<li>Right click on <strong>Forms</strong> and select <strong>New Form</strong>.</li>\n<li>Right click on the new form and select <strong>Rename</strong>.</li>\n<li>Change the form name to <strong>frmCustomerList</strong>.</li>\n</ol><br>\n<p>We will come back to the customer list form later to populate it.</p>"
    }
  },
  "Card.VoltMX.AddingDominoAccessforVoltForm.UpdateLogin": {
    "content": {
      "title": "Update the Login button",
      "body": "<p>We will update the login button to use the Foundry Identity service to authenticate with Domino. Since the identity service uses OAuth, the credentials will be entered on the login form provided by the Domino REST API identity provider. \n<ol>\n<li>In the <b>Project</b> explorer, expand <strong>Mobile</strong> &gt; <strong>Forms</strong>, and select <strong>frmLogin</strong>.</li>\n<li>Expand <strong>frmLogin</strong> &gt; <b>masterContainer</b> &gt; <b>paddingContainer</b>.</li>\n<li>Right click on <strong>usernameFieldContainer</strong> and click on <b>Delete</b> to delete the container. Click on <b>OK</b> to confirm. </li>\n<li>Right click on <strong>passwordFieldContainer</strong> and click on <b>Delete</b> to delete the container. Click on <b>OK</b> to confirm. </li>\n<li>Select the <strong>Login button</strong> on the canvas.</li>\n<li>In the <b>PROPERTIES</b> tab on the right side under <b>Action</b> click the chain link icon beside <b>onClick</b> to remove the previous actions.</li>\n<li>Click on the <b>Edit</b> button beside <b>onClick</b>. The action editor will open. </li>\n</ol>"
    }
  },
  "Card.VoltMX.AddingDominoAccessforVoltForm.UpdateLoginAE": {
    "content": {
      "title": "Update the Login button",
      "body": "<ol>\n<li>From the left menu under <strong>NETWORK</strong>, select <strong>Invoke Service</strong>.</li>\n<li>In the options on the right, select:<br> \n<ul>\n<li><strong>Select Service:</strong> DemoAppService$login</li>\n<li><strong>Select Browser Widget:</strong> Default Browser Widget</li>\n</ul>\n</li>\n<li>From the left menu under <strong>General</strong>, drag and drop <strong>Navigate to Form</strong> under <strong>Success</strong>.</li>\n<li>In the options on the right, select <strong>frmCustomerList</strong>.</li>\n<li>From the left menu under <strong>CLIENT</strong>, drag and drop <strong>Show Alert</strong> under <strong>Failure</strong>.</li>\n<li>In the options on the right, select:<br> \n<ul>\n<li><strong>Alert Type:</strong> Error</li>\n<li><strong>Message Type:</strong> Constant</li>\n<li><strong>Alert Message:</strong> Login Failed!</li>\n</ul>\n</li>\n<li>Click on the <strong>Save</strong> button to save the changes.</li> \n</ol>"
    }
  },
  "Card.VoltMX.AddingDominoAccessforVoltForm.BldListUI1": {
    "content": {
      "title": "Build the Customers List UI",
      "body": "<p>Now let's update the customer list form to show the list of customers. The <b>Default Library</b> tab contains the pre-bundled UI components to help design forms.</p>\n<ol>\n<li>In the <b>Project</b> explorer, select <b>frmCustomerList</b> to open the form.\n<li>From the bottom-left of Iris, navigate to the <b>Default Library</b>.</li>\n<li>Next to the <b>Default Library</b>, you will see the <b>My Libraries</b> tab and a search icon. Click the search icon 🔍.</li>\n<li>In the search bar that appears, enter <b>TitleMenu</b>.</li>\n<li>From the results, drag and drop the <b>TitleMenu</b> component onto the <b>frmCustomerList</b> form on your canvas.</li>\n<li>Click on <b>headerTitleLabel</b> and in the <b>PROPERTIES</b> tab on the right side under <b>Look</b> set <b>Text</b> to <b>Customers</b>.</li>\n</ol>"
    }
  },
  "Card.VoltMX.AddingDominoAccessforVoltForm.BldListUI2": {
    "content": {
      "title": "Build the Customers List UI",
      "body": "<ol>\n <li>In the <b>Project</b> explorer, click on the <b>Templates</b> tab.</li>\n <li>Expand <strong>Mobile</strong> &gt; <strong>Segments</strong> and right click on <b>SampleRowTemplate</b>.</li>\n <li>Click on <b>Duplicate</b>.</li>\n <li>Right click on the duplicate template and click <b>Rename</b>.</li>\n <li>Change the name to <b>DemoRowTemplate</b>.</li>\n <li>Expand <b>DemoRowTemplate</b>  &gt; <b>CopyflxSampleRowTemplate...</b> and make the following changes to the labels:\n <ul>\n <li>Rename <b>lblHeading</b> to <b>lblLastname</b> and set the Text property to <b>Lastname</b>.</li>\n <li>Rename <b>lblDescription</b> to <b>lblFirstname</b> and set the Text property to <b>Firstname</b>.</li>\n <li>Rename <b>lblTimes</b> to <b>lblEmail</b> and set the Text property to <b>Email</b>.</li>\n </ul>\n </li>\n </ol>"
    }
  },
  "Card.VoltMX.AddingDominoAccessforVoltForm.BldListHdnLbl": {
    "content": {
      "title": "Build the Customers List UI",
      "body": "<ol>\n <li>From the bottom-left of Iris, navigate to the <b>Default Library</b> and clear the search field.</li>\n <li>Drag <b>Label</b> element to anywhere on the row.</li>\n <li>In the <b>Project</b> explorer, right click on the label and click <b>Rename</b>.</li>\n <li>Rename it to <b>lblUnid</b>.</li>\n <li>In the <b>PROPERTIES</b> tab on the right side under <b>Look</b> set <b>Visible</b> to <b>Off</b>.\n </ol>"
    }
  },
  "Card.VoltMX.AddingDominoAccessforVoltForm.BldListUI3": {
    "content": {
      "title": "Build the Customers List UI",
      "body": "<ol>\n<li>In the <b>Project</b> explorer, click on the <b>Project</b> tab.</li>\n<li>Click on the <b>frmCustomerList</b> form.</li>\n<li>In the <b>Default Library</b>, under <b>Default</b> drag and drop <b>Segment</b> onto the <b>frmCustomerList</b> form on your canvas.</li>\n<li>Right click on the segment in the <b>Project</b> explorer and click <b>Rename</b> and change it to <b>sgmtCustomerList</b></li>\n<li>Right click on the segment on your canvas and select <b>Fit to Parent</b>.</li>\n<li>In the <b>PROPERTIES</b> tab on the right side under <b>Look</b> set <b>Top</b> to 44 Dp. The header should be visible on your canvas.</li>\n<li>Click on the <b>Segment</b> tab under <b>PROPERTIES</b> and select <b>DemoRowTemplate</b> in the drop down menu for <b>Row Template</b>.</li>\n<li>Save your changes by clicking <strong>ctrl+shift+s </strong>on <strong>Windows</strong> and <strong>cmd+shift+s</strong> on <strong>Mac</strong>.</li>\n</ol>"
    }
  },
  "Card.VoltMX.AddingDominoAccessforVoltForm.PopulateList": {
    "content": {
      "title": "Populate the Customer List",
      "body": "<ol>\n<li>In the <b>Project</b> explorer, click on the <b>frmCustomerList</b> form.</li>\n<li>In the <b>PROPERTIES</b> tab on the right click on <b>Action</b>.</li> \n<li>Click on the <b>Edit</b> button beside <b>onMapping</b> to open the action editor.</li>\n</ol>"
    }
  },
  "Card.VoltMX.AddingDominoAccessforVoltForm.GetList": {
    "content": {
      "title": "Get the Customer List",
      "body": "<ol>\n<li>From the left menu under <strong>NETWORK</strong>, click on <strong>Loading Indicate</strong>.</li>\n<li>In the options on the right, select:<br> \n<ul>\n<li><strong>Loading Indicator:</strong> Show</li>\n<li><strong>Text:</strong> Loading...</li>\n<li><strong>Position:</strong> Full Screen</li>\n</ul>\n</li>\n<li>From the left menu under <strong>NETWORK</strong>, select <strong>Invoke Service</strong>.</li>\n<li>In the options on the right, select:<br> \n<ul>\n<li><strong>Select Service:</strong> DemoObjectService$Customers</li>\n<li><strong>Select Method:</strong> get</li>\n</ul>\n</li>\n<li>From the left menu under <strong>NETWORK</strong>, drag and drop <strong>Loading Indicator</strong> under <strong>Callback</strong>.</li>\n<li>In the options on the right, set <strong>Loading indicator</strong> to Dismiss. \n</ol>"
    }
  },
  "Card.VoltMX.AddingDominoAccessforVoltForm.MapList": {
    "content": {
      "title": "Map the Customer List",
      "body": "<ol>\n<li>From the left menu under <strong>MAPPING</strong>, drag and drop <strong>Add Mapping</strong> under <strong>Dismiss loading indicator</strong>.</li>\n<li>In the options on the right, expand <b>Services</b> &gt; <b>Service - DemoObjectService$Customers$get</b> &gt; <b>records</b> in the first panel.</li>\n<li>Expand <b>Forms</b> &gt; <b>frmCustomerList</b> &gt; <b>Segment</b> &gt; <b>masterdatamap</b> &gt; <b>rowData</b> in the second panel.</li>\n<li>Expand each label under <b>rowData</b>.</li>\n</ol>"
    }
  },
  "Card.VoltMX.AddingDominoAccessforVoltForm.MapList2": {
    "content": {
      "title": "Map the Customer List",
      "body": "<ol>\n<li>To create a mapping between the records and the labels:\n<ul>\n<li>Click on <b>records</b> in the left pane, then click on <b>rowData</b> in the right pane</li>\n<li>Click on <b>last_name</b> in the left pane, then click on <b>text</b> under <b>lblLastname</b> in the right pane</li>\n<li>Click on <b>first_name</b> in the left pane, then click on <b>text</b> under <b>lblFirstname</b> in the right pane</li>\n<li>Click on <b>email</b> in the left pane, then click on <b>text</b> under <b>lblEmail</b> in the right pane</li>\n<li>Click on <b>x_0040unid</b> in the left pane, then click on <b>text</b> under <b>lblUnid</b> in the right pane</li>\n</ul>\n</li>\n</ol>"
    }
  },
  "Card.VoltMX.AddingDominoAccessforVoltForm.OpenDB": {
    "content": {
      "title": "Open the Domino database",
      "body": "<p>Next we need to open the Domino database using VoltFormula so the VoltFormula code can access Domino data. </p>\n<ol>\n<li>From the left menu under <strong>FORMULA</strong>, drag and drop <strong>Add Formula</strong> under <strong>Add Mapping</strong>.</li>\n<li>In the formula editor on the right panel copy and paste the following formula:\n<p style=\"background-color: lightyellow; padding-left: 2%;\">\nsuccess:=@FileOpenDatabase(\"server\":\"DemoObjectService\"; \"Customers\");<br>\n@If(success=@False; @Prompt([OK];\"Failed\";\"Failed to open database\"));<br>\n</p></li>\n<li>Click on the <strong>Save</strong> button to save the changes. </li>\n</ol>"
    }
  },
  "Card.VoltMX.AddingDominoAccessforVoltForm.CreateDetails": {
    "content": {
      "title": "Create Customer Details Form",
      "body": "<p>Let's create a form to show the details of a customer from our Demo database.</p>\n<ol>\n<li>In the Project Explorer, under <strong>Mobile</strong>, right click on <strong>Forms</strong> and select <strong>New Form</strong>.</li>\n<li>Right click on the new form and select <strong>Rename</strong>.</li>\n<li>Change the form name to <strong>frmCustomerDetails</strong>.</li>\n</ol><br>\n<p>We will come back to the customer list form later to populate it.</p>"
    }
  },
  "Card.VoltMX.AddingDominoAccessforVoltForm.SetCurrent": {
    "content": {
      "title": "Set the current document",
      "body": "<p>When a customer record in the customer list is selected, we need to set that record as the current document in the Domino Database.</p>\n<ol>\n<li>In the Project Explorer, select the <b>sgmtCustomerList</b> under the <b>frmCustomerList</b> form.</li>\n<li>In the <b>PROPERTIES</b> tab on the right click on <b>Action</b>.</li> \n<li>Click on the <b>Edit</b> button beside <b>onRowClick</b> to open the action editor.</li>\n</ol>"
    }
  },
  "Card.VoltMX.AddingDominoAccessforVoltForm.SetCurrent2": {
    "content": {
      "title": "Set the current document",
      "body": "<ol>\n<li>From the left menu under <strong>FUNCTION</strong>, click on <strong>Add Snippet</strong>.</li>\n<li>In the snippet editor on the right panel, copy and paste the following code:\n<p style=\"background-color: lightyellow; padding-left: 2%; overflow-y:auto; height:250px;\">\n// Get the unid of the selected document from the row data<br>\nconst unid = this.view.sgmtCustomerList.selectedRowItems[0].lblUnid.text;<br>\n<br>\n// Set that document as the current document in the Domino database<br>\nvoltmx.rosettajs.DatabaseUtilities.setCurrentDocument(\"Customer\", unid)<br>\n  .then((doc)=> {<br>\n  if (Object.keys(doc).length === 0 && doc.constructor === Object) {<br>\n    voltmx.print('Failed to set current document for unid='+ unid);<br>\n  } else {<br>\n    // Open the customer details form<br>\n    var ntf = new voltmx.mvc.Navigation(\"frmCustomerDetails\");<br>\n    ntf.navigate();<br>\n  }<br>\n}).catch((err) => {<br>\n  voltmx.print('Failed to set current document for unid='+ unid + \": \"+ err);<br>\n});<br>\n<p>\n</li>\n<li>Click on the <strong>Save</strong> button to save the changes. </li>\n</ol>"
    }
  },
  "Card.VoltMX.AddingDominoAccessforVoltForm.BldDetailsUI1": {
    "content": {
      "title": "Build the Customers Details UI",
      "body": "<ol>\n<li>In the Project Explorer, select <b>frmCustomerDetails</b> under <strong>Forms</strong>.</li>\n<li>From the bottom-left of Iris, navigate to the <b>Default Library</b>.</li>\n<li>Next to the <b>Default Library</b>, you will see the <b>My Libraries</b> tab and a search icon. Click the search icon 🔍.</li>\n<li>In the search bar that appears, enter <b>ContactDetails</b>.</li>\n<li>From the results, drag and drop the <b>ContactDetails</b> component onto the <b>frmCustomerDetails</b> form on your canvas.</li>\n</ol>"
    }
  },
  "Card.VoltMX.AddingDominoAccessforVoltForm.BldDetailsClose1": {
    "content": {
      "title": "Add Close Button",
      "body": "<ol>\n<li>From the bottom-left of Iris, in <b>Default Library</b> clear the search bar.</li>\n<li>Under <b>Default</b>, drag and drop the <b>Image</b> component to the right side of the header in the <b>frmCustomerDetails</b> form on your canvas.</li>\n<li>In the <b>PROPERTIES</b> tab on the right click on <b>Image</b>.</li>\n<li>Click on <b>Edit</b> beside <b>Source</b> and select <b>cross_1_2.png</b> from the list.</li> \n<li>Click <b>OK</b> and resize the image to fit in the header.</li>\n<li>In the <b>PROPERTIES</b> tab on the right click on <b>Action</b>.</li> \n<li>Click on <b>Edit</b> beside <b>onTouchEnd</b> and the action editor will open.</li>\n</ol>"
    }
  },
  "Card.VoltMX.AddingDominoAccessforVoltForm.BldDetailsClose2": {
    "content": {
      "title": "Add a close button",
      "body": "<ol>\n<li>From the left menu under <strong>GENERAL</strong>, click on <strong>Navigate to Form</strong>.</li>\n<li>In the options on the right panel, click on <b>frmCustomerList</b>.</li>\n<li>Click on the <strong>Save</strong> button to save the changes. </li>\n</ol>"
    }
  },
  "Card.VoltMX.AddingDominoAccessforVoltForm.BldDetailsUI2": {
    "content": {
      "title": "Build the Customers Details UI",
      "body": "<ol>\n<li>Expand <b>flxContactDetails</b>. \n<li>Rename <b>flxDepartment</b> to <b>flxGender</b>. Expand <b>flxGender</b> and rename <b>lblDepartment</b> to <b>lblGender</b> and <b>lblDepartmentValue</b> to <b>lblGenderValue</b>.</li>\n<li>Rename <b>flxDesignation</b> to <b>flxColor</b>. Expand <b>flxColor</b> and rename <b>lblDesignation</b> to <b>lblColor</b> and <b>lblDesignationValue</b> to <b>lblColorValue</b>.</li>\n<li>Rename <b>flxAddress</b> to <b>flxPet</b>. Expand <b>flxPet</b> and rename <b>lblAdd</b> to <b>lblPet</b> and <b>lblAddressLocation</b> to <b>lblPetValue</b>.</li>\n<li>Delete the following items: flxPhone, flxSeperator7, flxCompany, flxSeperator8, flxLeadSource, flxSeperator9, flxLinkedIn, flxSeperator10, flxAboutMeText, and flxSeperator11</li>\n</ol>"
    }
  },
  "Card.VoltMX.AddingDominoAccessforVoltForm.BldDetailsUI3": {
    "content": {
      "title": "Build the Customers Details UI",
      "body": "<ol>\n<li>Make the following changes to <b>PROPERTIES</b> &gt; <b>Look</b> &gt; <b>Text</b>:\n<ul>\n<li>Select <b>flxContactName</b> &gt; <b>lblName</b> and set <b>Text</b> to <b>Customer</b>.</li>\n<li>Select <b>lblGender</b> and set <b>Text</b> to <b>Gender</b>.</li> \n<li>Select <b>lblGenderValue</b> and set <b>Text</b> to <b>Male</b>.</li> \n<li>Select <b>lblColor</b> and set <b>Text</b> to <b>Color</b>.</li> \n<li>Select <b>lblColorValue</b> and set <b>Text</b> to <b>None</b>.</li> \n<li>Select <b>lblPet</b> and set <b>Text</b> to <b>Pet</b>.</li> \n<li>Select <b>lblPetValue</b> and set <b>Text</b> to <b>None</b>.</li> \n</ul>\n</li>\n</ol>"
    }
  },
  "Card.VoltMX.AddingDominoAccessforVoltForm.FillDetails": {
    "content": {
      "title": "Fill in the customer details",
      "body": "<p>Now you will use VoltFormula to fill in the customer details. When the customer detail form is shown, \nthe customer record in the Domino database is the selected document so we can use formulas against the document to retrieve values.</p>\n<ol>\n<li>In the Project Explorer, select <b>frmCustomerDetails</b> under <strong>Forms</strong>.</li>\n<li>In the <b>PROPERTIES</b> tab on the right click on <b>Action</b>.</li> \n<li>Click on the <b>Edit</b> button beside <b>onMapping</b> to open the action editor.</li>\n</ol>"
    }
  },
  "Card.VoltMX.AddingDominoAccessforVoltForm.FillDetails2": {
    "content": {
      "title": "Fill in the customer details",
      "body": "<ol>\n<li>From the left menu under <strong>FORMULA</strong>, click on <strong>Add Formula</strong>.</li>\n<li>In the formula editor on the right panel copy and paste the following formula:\n<p style=\"background-color: lightyellow; padding-left: 2%;\">\nfirstName:=@GetField('first_name');<br>\nlastName:=@GetField('last_name');<br>\nemail:=@GetField('email');<br>\ngender:=@GetField('gender');<br>\npet:=@GetField('Pet');<br>\ncolor:=@GetField('Color');<br>\n</p></li>\n</ol>"
    }
  },
  "Card.VoltMX.AddingDominoAccessforVoltForm.FillDetails3": {
    "content": {
      "title": "Fill in the customer details",
      "body": "<ol>\n<li>From the left menu under <strong>FUNCTION</strong>, click on <strong>Add Snippet</strong>.</li>\n<li>In the snippet editor on the right panel copy and paste the following code to set the values retrieved from the formulas to the labels in the form:\n<p style=\"background-color: lightyellow; padding-left: 2%;\">\nthis.view.lblFNameValue.text = firstName || 'Unknown';<br>\nthis.view.lblLastNameValue.text = lastName || 'Unkown';<br>\nthis.view.lblEmailID.text = email || 'None';<br>\nthis.view.lblGenderValue.text = gender || 'Unknown';<br>\nthis.view.lblPetValue.text = pet || 'None';<br>\nthis.view.lblColorValue.text = color || 'None';<br>\n</p></li>\n<li>Click on the <strong>Save</strong> button to save the changes. </li>\n</lo>"
    }
  },
  "Card.VoltMX.AddingDominoAccessforVoltForm.SettingsPre": {
    "content": {
      "title": "Settings for Live Preview",
      "body": "<ol>\n<li>From the main menu, select <b>Build</b>.</li>\n<li>Click <b>Live Preview Settings</b>.</li>\n</ol>"
    }
  },
  "Card.VoltMX.AddingDominoAccessforVoltForm.Publish": {
    "content": {
      "title": "Live Preview",
      "body": "<ol>\n<li>From the <b>Live Preview Settings</b> window, under <b>Native</b>, select the checkboxes next to the OS of the mobile/tablet on which you are going to view the app. <br/>\nFor example: <b>iOS </b> or <b>Android</b>.<br/>\nMake sure you have unselected all the other platforms and channels.</li>\n<li>Click <b>Save & Run</b>.<br/> \nIt may take some time for Iris to show the <b>Live Preview is ready</b> window.</li>\n</ol>"
    }
  },
  "Card.VoltMX.AddingDominoAccessforVoltForm.AppViewer": {
    "content": {
      "title": "Volt MX App",
      "body": "<ol>\n<li>Connect your <b>mobile</b> to your computer using a USB cable.<br />\nFor Android devices, make sure you use USB to <b>Transfer Files</b>.</li>\n<li>Launch the <b>Volt MX App</b> on your <b>mobile</b>.</li>\n<li>Select the <b>USB</b> tab.</li>\n<li>On successful connection, <b>Iris</b> on your computer shows a success prompt.<br />\nAt the same time, the USB icon turns green on your <b>Volt MX App</b>.</li>\n</ol>"
    }
  },
  "Card.VoltMX.AddingDominoAccessforVoltForm.View": {
    "content": {
      "title": "View the App",
      "body": "<ol>\n<li>On your <b>Volt MX App</b>, click <b>Launch</b>.<br />\nIf you are prompted to provide the application name, enter <b>VoltMXJavaS</b> and click <b>Launch</b>.</li>\n<li>Click on the login button. This will open the Domino REST API login form.</li>\n<li>Enter the Domino username and password for the Demo database.<br>Tap the <b>Login</b> button to authenticate.</li>\n<li>You will see the list of customers in the Demo database. Tap on one to view the details.</li>\n<li>To <b>Exit</b> the preview, swipe two fingers from left to right or shake your mobile.</li>\n</ol>"
    }
  },
  "Card.VoltMX.AddingDominoAccessforVoltForm.Last": {
    "content": {
      "title": "Congratulations",
      "body": "<p>You have successfully:</p>\n<ul>\n<li>Modified a Login form's controller to authenticate with Domino using a Volt MX Foundry Identity Service.</li>\n<li>Show a list of records in a Domino database using a Volt MX Foundry Object Service.</li>\n<li>Used VoltFormula to open a Domino database, set the current document, and retrieve fields from the current document.</li>\n</ul>"
    },
    "navigationBar": {
      "right": {
        "text": "Done"
      }
    }
  }
}