{
    "kuid": "a57c95t9-a4aa-43r2-94ua-180ea3na",
    "id": "VoltMX.VoltFormulaSettings.switchToNotes",
    "content": {
        "title": "Switch to use the Notes API",
        "body": "<p>Let's fix this by changing the settings to prefer the Notes implementation. </p>\n<ol>\n<li>Click on the Project Settings button on the left to open the project setting.</li>\n<li>Select <strong>VoltFormula</strong> on the left.</li>\n<li>Under <strong>Preferred API Implementation</strong> select <strong>Notes Formula</strong></li>\n<li>Click <strong>Done</strong> to save the change.</li>"
    },
    "pointer": {
        "direction": "left",
        "element": "",
        "type": "none"
    },
    "navigationType": "manual",
    "navigationBar": {
        "left": {
            "text": "Previous",
            "enable": true,
            "hide": false
        },
        "right": {
            "text": "Next",
            "enable": true,
            "hide": false
        }
    },
    "navigationCondition": "",
    "position": "BOTTOM_LEFT",
    "meta": {
        "Creator": "Anonymous",
        "CreatedOn": "Mon, 05 Aug 2024 18:55:02 GMT"
    },
    "context": [],
    "localization": {
        "en-us": {
            "content": {
                "body": "<p>Let's fix this by changing the settings to prefer the Notes implementation. </p>\n<ol>\n<li>Click on the Project Settings button on the left to open the project setting.</li>\n<li>Select <strong>VoltFormula</strong> on the left.</li>\n<li>Under <strong>Preferred API Implementation</strong> select <strong>Notes Formula</strong></li>\n<li>Click <strong>Done</strong> to save the change.</li>",
                "title": "Switch to use the Notes API"
            }
        }
    }
}