{
    "kuid": "29a50dt1-dbab-46r2-b1u3-929dd0n5",
    "id": "VoltMX.IntroVoltFormula.aeAdd",
    "content": {
        "title": "Add a formula action",
        "body": "<p>The available actions are located on the left side.\n<ol>\n<li>Click on the search bar at the top and type <strong>formula</strong></li>\n<li>Click on the <strong>Add Formula</strong> action.\n<p>The <strong>Add Formula</strong> action allows you to add a code snippet from a formula that will be executed when the <strong>Login</strong> button is clicked.</li>\n</ol>"
    },
    "pointer": {
        "direction": "left",
        "element": {
            "css_selector": "input[id*='_aesearchbxSearch']"
        },
        "type": "default"
    },
    "navigationType": "manual",
    "navigationBar": {
        "left": {
            "text": "Previous",
            "enable": true,
            "hide": false
        },
        "right": {
            "text": "Next",
            "enable": true,
            "hide": false
        }
    },
    "navigationCondition": "",
    "position": "BOTTOM_RIGHT",
    "meta": {
        "Creator": "James Godwin",
        "CreatedOn": "Wed, 24 Jul 2024 20:11:44 GMT"
    },
    "context": [],
    "localization": {
        "en-us": {
            "content": {
                "title": "Add a formula action",
                "body": "<p>The available actions are located on the left side.\n<ol>\n<li>Click on the search bar at the top and type <strong>formula</strong></li>\n<li>Click on the <strong>Add Formula</strong> action.\n<p>The <strong>Add Formula</strong> action allows you to add a code snippet from a formula that will be executed when the <strong>Login</strong> button is clicked.</li>\n</ol>"
            }
        }
    }
}