{
    "kuid": "47ee55t7-c6aa-41r5-a4u2-aa7286n4",
    "id": "VoltMX.VoltFormulaSettings.projSettings",
    "content": {
        "title": "Open the VoltFormula project settings",
        "body": "<ol>\n<li>In the left navigation click on the project settings icon.</li>\n<li>Click on <strong>VoltFormula</strong> to show the settings related to VoltFormula.</li>"
    },
    "pointer": {
        "direction": "left",
        "element": {
            "module": "shortcutbar",
            "itemId": "frmKonyLib_settings"
        },
        "type": "default"
    },
    "navigationType": "manual",
    "navigationBar": {
        "left": {
            "text": "Previous",
            "enable": true,
            "hide": false
        },
        "right": {
            "text": "Next",
            "enable": true,
            "hide": false
        }
    },
    "navigationCondition": "",
    "position": "BOTTOM_RIGHT",
    "meta": {
        "Creator": "admin admin",
        "CreatedOn": "Tue, 30 Jul 2024 18:04:32 GMT"
    },
    "context": [],
    "localization": {
        "en-us": {
            "content": {
                "title": "Open the VoltFormula project settings",
                "body": "<ol>\n<li>In the left navigation click on the project settings icon.</li>\n<li>Click on <strong>VoltFormula</strong> to show the settings related to VoltFormula.</li>"
            }
        }
    }
}