{
    "kuid": "1e2a96t1-dcab-4dr2-9au8-873c6cn8",
    "id": "VoltMX.IntroVoltFormula.convertedCode1",
    "content": {
        "title": "Converting the  formula code",
        "body": "<ul>\n<li>In the formula you enter, you can enclose javascript code with <strong>JSP style syntax</strong> (&lt;% &gt;). This will expose any javascript variables defined in the <strong>JSP expression</strong> to the formula code. In our example this allows the formula code to access the contents of the username and password text boxes as well as the stored username and password. </li>\n<li>The formula will automatically be converted to javascript in the controller at the place you selected <strong>Add Code From Formula</strong>.</li>"
    },
    "pointer": {
        "direction": "left",
        "element": {
            "module": "appcanvas",
            "paneId": "ac-area-one"
        },
        "type": "left"
    },
    "navigationType": "manual",
    "navigationBar": {
        "left": {
            "text": "Previous",
            "enable": true,
            "hide": false
        },
        "right": {
            "text": "Next",
            "enable": true,
            "hide": false
        }
    },
    "navigationCondition": "",
    "position": "BOTTOM_RIGHT",
    "meta": {
        "Creator": "Anonymous",
        "CreatedOn": "Mon, 22 Jul 2024 20:41:15 GMT"
    },
    "context": [],
    "localization": {
        "en-us": {
            "content": {
                "title": "Converting the  formula code",
                "body": "<ul>\n<li>In the formula you enter, you can enclose javascript code with <strong>JSP style syntax</strong> (&lt;% &gt;). This will expose any javascript variables defined in the <strong>JSP expression</strong> to the formula code. In our example this allows the formula code to access the contents of the username and password text boxes as well as the stored username and password. </li>\n<li>The formula will automatically be converted to javascript in the controller at the place you selected <strong>Add Code From Formula</strong>.</li>"
            }
        }
    }
}