{
    "kuid": "04d4d0t5-eda6-42rc-b5u8-12bdc5nb",
    "id": "VoltMX.CreateCustomFormulas.Run",
    "content": {
        "title": "Live Preview",
        "body": "<ol>\n<li>From the <b>Live Preview Settings</b> window select the checkbox next to <strong>Clean Preview</strong>. </li>\n<li>Click <b>Save & Run</b>.<br/> The application will launch in a seperate  window.</li>\n</ol>"
    },
    "pointer": {
        "direction": "left",
        "element": "",
        "type": "none"
    },
    "navigationType": "manual",
    "navigationBar": {
        "left": {
            "text": "Previous",
            "enable": true,
            "hide": false
        },
        "right": {
            "text": "Next",
            "enable": true,
            "hide": false
        }
    },
    "navigationCondition": "",
    "position": "TOP_RIGHT",
    "meta": {
        "Creator": "Anonymous",
        "CreatedOn": "Mon, 19 Aug 2024 18:48:50 GMT"
    },
    "context": [],
    "localization": {
        "en-us": {
            "content": {
                "title": "Live Preview",
                "body": "<ol>\n<li>From the <b>Live Preview Settings</b> window select the checkbox next to <strong>Clean Preview</strong>. </li>\n<li>Click <b>Save & Run</b>.<br/> The application will launch in a seperate  window.</li>\n</ol>"
            }
        }
    }
}