{
    "kuid": "81d503t0-53a9-47rc-bbue-31a9c3n0",
    "id": "VoltMX.IntroVoltFormula.view",
    "content": {
        "title": "View the App",
        "body": "<ol>\n<li>In the <b>Volt MX App</b> window, Use these login credentials:<ul><li>\nUsername: <b>john.doe@woodburn.com</b></li>\n<li>Password: <b>VoltMX@123</b></ul></li>\n<li>Also try entering invalid credentials.</li>\n<li>To <b>Exit</b>, close the preview window.</li>\n</ol>"
    },
    "pointer": {
        "direction": "left",
        "element": "",
        "type": "none"
    },
    "navigationType": "manual",
    "navigationBar": {
        "left": {
            "text": "Previous",
            "enable": true,
            "hide": false
        },
        "right": {
            "text": "Next",
            "enable": true,
            "hide": false
        }
    },
    "navigationCondition": "",
    "position": "BOTTOM_RIGHT",
    "meta": {
        "Creator": "Anonymous",
        "CreatedOn": "Tue, 23 Jul 2024 14:11:59 GMT"
    },
    "context": [],
    "localization": {
        "en-us": {
            "content": {
                "title": "View the App",
                "body": "<ol>\n<li>In the <b>Volt MX App</b> window, Use these login credentials:<ul><li>\nUsername: <b>john.doe@woodburn.com</b></li>\n<li>Password: <b>VoltMX@123</b></ul></li>\n<li>Also try entering invalid credentials.</li>\n<li>To <b>Exit</b>, close the preview window.</li>\n</ol>"
            }
        }
    }
}