{
    "kuid": "ef143ftd-75a9-45r1-8fu7-2b5540n2",
    "id": "VoltMX.ConfiguringAccesstoDomino.Intro",
    "content": {
        "title": "Configuring access to Domino",
        "body": "<p>In this hike we configure access to a Domino database via Foundry object services. This will be used by a later hike in your Iris application to run formulas against the Domino database.</p>\n<br>\n<p><strong>Requirements: </strong><br>\nVolt MX Go installed and configured. Domino REST API must be configured with OAuth. \n<ul>\n<li>Download and install the Demo.nsf on Domino. Download from <a href=\"#\" onClick='javascript:openURL(\"https://opensource.hcltechsw.com/Domino-rest-api/references/downloads.html\")'>Domino REST API downloads</a>\n</li>\n<li>Make sure you have OAuth configured for Domino REST API. See <a href=\"#\" onClick='javascript:openURL(\"https://opensource.hcltechsw.com/Domino-rest-api/howto/VoltMX/setupoauthnsf.html\")'>Set up oauth.nsf</a>.\n</li>\n</ul>\n</p>\n<br>\n<p><strong>When you are ready, click Start!</strong></p>"
    },
    "pointer": {
        "direction": "left",
        "element": "",
        "type": "none"
    },
    "navigationType": "manual",
    "navigationBar": {
        "left": {
            "text": "Previous",
            "enable": true,
            "hide": true
        },
        "right": {
            "text": "Start",
            "enable": true,
            "hide": false
        }
    },
    "navigationCondition": "",
    "position": "CENTER",
    "meta": {
        "Creator": "admin admin",
        "CreatedOn": "Tue, 17 Sep 2024 14:20:19 GMT"
    },
    "context": [],
    "localization": {
        "en-us": {
            "content": {
                "body": "<p>In this hike we configure access to a Domino database via Foundry object services. This will be used by a later hike in your Iris application to run formulas against the Domino database.</p>\n<br>\n<p><strong>Requirements: </strong><br>\nVolt MX Go installed and configured. Domino REST API must be configured with OAuth. \n<ul>\n<li>Download and install the Demo.nsf on Domino. Download from <a href=\"#\" onClick='javascript:openURL(\"https://opensource.hcltechsw.com/Domino-rest-api/references/downloads.html\")'>Domino REST API downloads</a>\n</li>\n<li>Make sure you have OAuth configured for Domino REST API. See <a href=\"#\" onClick='javascript:openURL(\"https://opensource.hcltechsw.com/Domino-rest-api/howto/VoltMX/setupoauthnsf.html\")'>Set up oauth.nsf</a>.\n</li>\n</ul>\n</p>\n<br>\n<p><strong>When you are ready, click Start!</strong></p>",
                "title": "Configuring access to Domino"
            },
            "navigationBar": {
                "right": {
                    "text": "Start"
                }
            }
        }
    }
}