{
    "kuid": "d0f9cctc-9fa8-4er7-afu8-76e73and",
    "id": "VoltMX.ConfiguringAccessToDomino.Last",
    "content": {
        "title": "Congratulations!",
        "body": "<p>You have successfully:\n<ul> \n<li>Configured a Domino database in the Domino REST API</li>\n<li>Configured an application, identity service, and object service in Foundry that will allow access to the Domino database via the Domino REST API.</li>\n<li>Connected the Foundry application to your application in Iris</li>\n</ul>\n</p>"
    },
    "pointer": {
        "direction": "left",
        "element": "",
        "type": "none"
    },
    "navigationType": "manual",
    "navigationBar": {
        "left": {
            "text": "Previous",
            "enable": true,
            "hide": false
        },
        "right": {
            "text": "Done",
            "enable": true,
            "hide": false
        }
    },
    "navigationCondition": "",
    "position": "CENTER",
    "meta": {
        "Creator": "admin admin",
        "CreatedOn": "Tue, 17 Sep 2024 17:49:00 GMT"
    },
    "context": [],
    "localization": {
        "en-us": {
            "content": {
                "title": "Congratulations!",
                "body": "<p>You have successfully:\n<ul> \n<li>Configured a Domino database in the Domino REST API</li>\n<li>Configured an application, identity service, and object service in Foundry that will allow access to the Domino database via the Domino REST API.</li>\n<li>Connected the Foundry application to your application in Iris</li>\n</ul>\n</p>"
            },
            "navigationBar": {
                "right": {
                    "text": "Done"
                }
            }
        }
    }
}