{
    "kuid": "d9aecbt6-68a5-4er5-95u6-a9d4e2n8",
    "id": "VoltMX.AddingDominoAccessforVoltForm.AppViewer",
    "content": {
        "title": "Volt MX App",
        "body": "<ol>\n<li>Connect your <b>mobile</b> to your computer using a USB cable.<br />\nFor Android devices, make sure you use USB to <b>Transfer Files</b>.</li>\n<li>Launch the <b>Volt MX App</b> on your <b>mobile</b>.</li>\n<li>Select the <b>USB</b> tab.</li>\n<li>On successful connection, <b>Iris</b> on your computer shows a success prompt.<br />\nAt the same time, the USB icon turns green on your <b>Volt MX App</b>.</li>\n</ol>"
    },
    "pointer": {
        "direction": "left",
        "element": "",
        "type": "none"
    },
    "navigationType": "manual",
    "navigationBar": {
        "left": {
            "text": "Previous",
            "enable": true,
            "hide": false
        },
        "right": {
            "text": "Next",
            "enable": true,
            "hide": false
        }
    },
    "navigationCondition": "",
    "position": "CENTER",
    "meta": {
        "Creator": "admin admin",
        "CreatedOn": "Mon, 30 Sep 2024 21:06:03 GMT"
    },
    "context": [],
    "localization": {
        "en-us": {
            "content": {
                "title": "Volt MX App",
                "body": "<ol>\n<li>Connect your <b>mobile</b> to your computer using a USB cable.<br />\nFor Android devices, make sure you use USB to <b>Transfer Files</b>.</li>\n<li>Launch the <b>Volt MX App</b> on your <b>mobile</b>.</li>\n<li>Select the <b>USB</b> tab.</li>\n<li>On successful connection, <b>Iris</b> on your computer shows a success prompt.<br />\nAt the same time, the USB icon turns green on your <b>Volt MX App</b>.</li>\n</ol>"
            }
        }
    }
}