<?xml version="1.0"?>
<Hike kuid="042973t1-e8a8-47rc-a2uf-bbe2b6n9" id="VoltMX.CreatingCustomFormulas" title="VoltMX.CreatingCustomFormulas">
    <Description>Describes how to create custom formulas in VoltFormula.</Description>
    <Meta>
        <Creator>Anonymous</Creator>
        <CreatedOn>Mon, 19 Aug 2024 14:54:19 GMT</CreatedOn>
    </Meta>
    <Hikecard id="VoltMX.CreateCustomFormulas.Intro"/>
    <Hikecard id="VoltMX.CreatingCustomFormulas.Open"/>
    <Hikecard id="VoltMX.CreateCustomFormulas.Define"/>
    <Hikecard id="VoltMX.CreateCustomFormulas.Settings"/>
    <Hikecard id="VoltMX.CreateCustomFormulas.AddFile"/>
    <Hikecard id="VoltMX.CreateCustomFormulas.openAE"/>
    <Hikecard id="VoltMX.CreateCustomFormulas.updateAction"/>
    <Hikecard id="VoltMX.CreateCustomFormulas.Build"/>
    <Hikecard id="VoltMX.CreateCustomFormulas.Run"/>
    <Hikecard id="VoltMX.CreateCustomFormulas.View"/>
    <Hikecard id="VoltMX.CreatingCustomFormulas.Last"/>
</Hike>