{
    "kuid": "80e9e3tc-bca1-4fr7-9cu0-dcb9bcn7",
    "id": "VoltMX.VoltFormulaSettings.addVariable",
    "content": {
        "title": "Add a variable",
        "body": "<p>You should see the Add Formula action that was added in the Introduction to VoltFormula hike. \n<ol>\n<li>Click on the Design View tab on the top right. </li>\n<li>Make sure that <strong>START</strong> is selected</li>\n<li>On the left panel under <strong>GENERAL</strong>, click on <strong>Add Variable</strong> action. It will be added after the <strong>Add Formula</strong> action.</li>\n<li>Click on the three dots at the end of the <strong>Add Variable</strong> row and select <strong>Move Up</strong> so that the <strong>Add Variable</strong> action is above <strong>Add Formula</strong>. </li>\n<li>Click on the <strong>Add Variable</strong> action to open the editor on the right panel and enter the following values:\n<ul>\n<li>Type: <strong>Local</strong></li>\n<li>Name: <strong>formatValid</strong></li>\n<li>Value Type: <strong>Constant</strong></li>\n<li>Value: <strong>false</strong></li>\n</ul>\n</li>"
    },
    "pointer": {
        "direction": "left",
        "element": "",
        "type": "none"
    },
    "navigationType": "manual",
    "navigationBar": {
        "left": {
            "text": "Previous",
            "enable": true,
            "hide": false
        },
        "right": {
            "text": "Next",
            "enable": true,
            "hide": false
        }
    },
    "navigationCondition": "",
    "position": "BOTTOM_RIGHT",
    "meta": {
        "Creator": "Anonymous",
        "CreatedOn": "Wed, 07 Aug 2024 17:44:46 GMT"
    },
    "context": [],
    "localization": {
        "en-us": {
            "content": {
                "title": "Add a variable",
                "body": "<p>You should see the Add Formula action that was added in the Introduction to VoltFormula hike. \n<ol>\n<li>Click on the Design View tab on the top right. </li>\n<li>Make sure that <strong>START</strong> is selected</li>\n<li>On the left panel under <strong>GENERAL</strong>, click on <strong>Add Variable</strong> action. It will be added after the <strong>Add Formula</strong> action.</li>\n<li>Click on the three dots at the end of the <strong>Add Variable</strong> row and select <strong>Move Up</strong> so that the <strong>Add Variable</strong> action is above <strong>Add Formula</strong>. </li>\n<li>Click on the <strong>Add Variable</strong> action to open the editor on the right panel and enter the following values:\n<ul>\n<li>Type: <strong>Local</strong></li>\n<li>Name: <strong>formatValid</strong></li>\n<li>Value Type: <strong>Constant</strong></li>\n<li>Value: <strong>false</strong></li>\n</ul>\n</li>"
            }
        }
    }
}