{
    "kuid": "9af769t0-66a2-45r5-bbu1-7692f2n0",
    "id": "VoltMX.AddingDominoAccessforVoltForm.BldDetailsClose1",
    "content": {
        "title": "Add Close Button",
        "body": "<ol>\n<li>From the bottom-left of Iris, in <b>Default Library</b> clear the search bar.</li>\n<li>Under <b>Default</b>, drag and drop the <b>Image</b> component to the right side of the header in the <b>frmCustomerDetails</b> form on your canvas.</li>\n<li>In the <b>PROPERTIES</b> tab on the right click on <b>Image</b>.</li>\n<li>Click on <b>Edit</b> beside <b>Source</b> and select <b>cross_1_2.png</b> from the list.</li> \n<li>Click <b>OK</b> and resize the image to fit in the header.</li>\n<li>In the <b>PROPERTIES</b> tab on the right click on <b>Action</b>.</li> \n<li>Click on <b>Edit</b> beside <b>onTouchEnd</b> and the action editor will open.</li>\n</ol>"
    },
    "pointer": {
        "direction": "left",
        "element": "",
        "type": "none"
    },
    "navigationType": "manual",
    "navigationBar": {
        "left": {
            "text": "Previous",
            "enable": true,
            "hide": false
        },
        "right": {
            "text": "Next",
            "enable": true,
            "hide": false
        }
    },
    "navigationCondition": "",
    "position": "BOTTOM_RIGHT",
    "meta": {
        "Creator": "Anonymous",
        "CreatedOn": "Tue, 01 Oct 2024 18:26:22 GMT"
    },
    "context": [],
    "localization": {
        "en-us": {
            "content": {
                "title": "Add Close Button",
                "body": "<ol>\n<li>From the bottom-left of Iris, in <b>Default Library</b> clear the search bar.</li>\n<li>Under <b>Default</b>, drag and drop the <b>Image</b> component to the right side of the header in the <b>frmCustomerDetails</b> form on your canvas.</li>\n<li>In the <b>PROPERTIES</b> tab on the right click on <b>Image</b>.</li>\n<li>Click on <b>Edit</b> beside <b>Source</b> and select <b>cross_1_2.png</b> from the list.</li> \n<li>Click <b>OK</b> and resize the image to fit in the header.</li>\n<li>In the <b>PROPERTIES</b> tab on the right click on <b>Action</b>.</li> \n<li>Click on <b>Edit</b> beside <b>onTouchEnd</b> and the action editor will open.</li>\n</ol>"
            }
        }
    }
}