{
    "kuid": "6d0415t8-8eaa-42rf-8fu2-240fe8n1",
    "id": "VoltMX.ConfiguringAccessToDomino.ConfigId1",
    "content": {
        "title": "Create an identity service",
        "body": "<ol>\n<li>Open the Volt Foundry console in a web browser.</li>\n<li>Click on the <strong>VoltMXJavaS</strong> app to open it. </li>\n<li>Under <strong>Configure Services</strong> tab, click on <strong>Identity</strong> then click <strong>CONFIGURE NEW</strong>. </li>\n<li>Enter <strong>DemoAppIdService</strong> for the name and select <strong>OAuth 2.0</strong> for the type. </li>\n</ol>\n</p>\n<p>Addition configurable fields will appear.</p>"
    },
    "pointer": {
        "direction": "left",
        "element": "",
        "type": "none"
    },
    "navigationType": "manual",
    "navigationBar": {
        "left": {
            "text": "Previous",
            "enable": true,
            "hide": false
        },
        "right": {
            "text": "Next",
            "enable": true,
            "hide": false
        }
    },
    "navigationCondition": "",
    "position": "CENTER",
    "meta": {
        "Creator": "admin admin",
        "CreatedOn": "Tue, 17 Sep 2024 17:35:49 GMT"
    },
    "context": [],
    "localization": {
        "en-us": {
            "content": {
                "title": "Create an identity service",
                "body": "<ol>\n<li>Open the Volt Foundry console in a web browser.</li>\n<li>Click on the <strong>VoltMXJavaS</strong> app to open it. </li>\n<li>Under <strong>Configure Services</strong> tab, click on <strong>Identity</strong> then click <strong>CONFIGURE NEW</strong>. </li>\n<li>Enter <strong>DemoAppIdService</strong> for the name and select <strong>OAuth 2.0</strong> for the type. </li>\n</ol>\n</p>\n<p>Addition configurable fields will appear.</p>"
            }
        }
    }
}