{
    "kuid": "1d44b5t5-e6a1-47re-beu0-07d965n8",
    "id": "VoltMX.IntroVoltFormula.openController",
    "content": {
        "title": "Open the form controller",
        "body": "<ol>\n<li>In the <b>Project</b> explorer, expand <strong> Mobile</strong> &gt; <strong>Controllers</strong>, and select <strong>frmLoginController</strong>. <br /> The Controller file contains the code that manipulates the data and updates the user interface.</li>\n</ol>"
    },
    "pointer": {
        "direction": "left",
        "element": {
            "module": "projectexplorer",
            "path": "project-body\\project\\Mobile\\Controllers\\frmLoginController"
        },
        "type": "default"
    },
    "navigationType": "manual",
    "navigationBar": {
        "left": {
            "text": "Previous",
            "enable": true,
            "hide": false
        },
        "right": {
            "text": "Next",
            "enable": true,
            "hide": false
        }
    },
    "navigationCondition": "",
    "position": "BOTTOM_RIGHT",
    "meta": {
        "Creator": "James Godwin",
        "CreatedOn": "Wed, 24 Jul 2024 20:54:34 GMT"
    },
    "context": [],
    "localization": {
        "en-us": {
            "content": {
                "title": "Open the form's controller",
                "body": "<ol>\n<li>In the <b>Project</b> explorer, expand <strong> Mobile</strong> &gt; <strong>Controllers</strong>, and select <strong>frmLoginController</strong>. <br /> The Controller file contains the code that manipulates the data and updates the user interface.</li>\n</ol>"
            }
        }
    }
}