{
    "kuid": "39f608tf-70af-4cr5-9bu6-895f0bn7",
    "id": "VoltMX.AddingDominoAccessforVoltForm.UpdateLogin",
    "content": {
        "title": "Update the Login button",
        "body": "<p>We will update the login button to use the Foundry Identity service to authenticate with Domino. Since the identity service uses OAuth, the credentials will be entered on the login form provided by the Domino REST API identity provider. \n<ol>\n<li>In the <b>Project</b> explorer, expand <strong>Mobile</strong> &gt; <strong>Forms</strong>, and select <strong>frmLogin</strong>.</li>\n<li>Expand <strong>frmLogin</strong> &gt; <b>masterContainer</b> &gt; <b>paddingContainer</b>.</li>\n<li>Right click on <strong>usernameFieldContainer</strong> and click on <b>Delete</b> to delete the container. Click on <b>OK</b> to confirm. </li>\n<li>Right click on <strong>passwordFieldContainer</strong> and click on <b>Delete</b> to delete the container. Click on <b>OK</b> to confirm. </li>\n<li>Select the <strong>Login button</strong> on the canvas.</li>\n<li>In the <b>PROPERTIES</b> tab on the right side under <b>Action</b> click the chain link icon beside <b>onClick</b> to remove the previous actions.</li>\n<li>Click on the <b>Edit</b> button beside <b>onClick</b>. The action editor will open. </li>\n</ol>"
    },
    "pointer": {
        "direction": "left",
        "element": {
            "module": "projectexplorer"
        },
        "type": "default"
    },
    "navigationType": "manual",
    "navigationBar": {
        "left": {
            "text": "Previous",
            "enable": true,
            "hide": false
        },
        "right": {
            "text": "Next",
            "enable": true,
            "hide": false
        }
    },
    "navigationCondition": "",
    "position": "BOTTOM_RIGHT",
    "meta": {
        "Creator": "admin admin",
        "CreatedOn": "Mon, 30 Sep 2024 16:58:10 GMT"
    },
    "context": [],
    "localization": {
        "en-us": {
            "content": {
                "title": "Update the Login button",
                "body": "<p>We will update the login button to use the Foundry Identity service to authenticate with Domino. Since the identity service uses OAuth, the credentials will be entered on the login form provided by the Domino REST API identity provider. \n<ol>\n<li>In the <b>Project</b> explorer, expand <strong>Mobile</strong> &gt; <strong>Forms</strong>, and select <strong>frmLogin</strong>.</li>\n<li>Expand <strong>frmLogin</strong> &gt; <b>masterContainer</b> &gt; <b>paddingContainer</b>.</li>\n<li>Right click on <strong>usernameFieldContainer</strong> and click on <b>Delete</b> to delete the container. Click on <b>OK</b> to confirm. </li>\n<li>Right click on <strong>passwordFieldContainer</strong> and click on <b>Delete</b> to delete the container. Click on <b>OK</b> to confirm. </li>\n<li>Select the <strong>Login button</strong> on the canvas.</li>\n<li>In the <b>PROPERTIES</b> tab on the right side under <b>Action</b> click the chain link icon beside <b>onClick</b> to remove the previous actions.</li>\n<li>Click on the <b>Edit</b> button beside <b>onClick</b>. The action editor will open. </li>\n</ol>"
            }
        }
    }
}