{
    "kuid": "ab62ddtf-f0a3-45r7-a4u5-e10869n9",
    "id": "VoltMX.IntroVoltFormula.aeOpen",
    "content": {
        "title": "Open the Action Editor",
        "body": "<ol>\n<li>In the <b>Project</b> explorer, expand <strong> Mobile</strong> &gt; <strong>Forms</strong>, and select <strong>frmLogin</strong>.</li>\n<li>Select the <strong>Login button</strong>, then right click on it and select <strong>Action: onClick</strong>.</li>\n<li>The action editor will open. </li>\n</ol>"
    },
    "pointer": {
        "direction": "left",
        "element": {
            "module": "projectexplorer",
            "path": "project-body\\project\\Mobile\\Forms\\frmLogin"
        },
        "type": "none"
    },
    "navigationType": "manual",
    "navigationBar": {
        "left": {
            "text": "Previous",
            "enable": true,
            "hide": false
        },
        "right": {
            "text": "Next",
            "enable": true,
            "hide": false
        }
    },
    "navigationCondition": "",
    "position": "BOTTOM_RIGHT",
    "meta": {
        "Creator": "James Godwin",
        "CreatedOn": "Wed, 24 Jul 2024 19:55:08 GMT"
    },
    "context": [],
    "localization": {
        "en-us": {
            "content": {
                "title": "Open the Action Editor",
                "body": "<ol>\n<li>In the <b>Project</b> explorer, expand <strong> Mobile</strong> &gt; <strong>Forms</strong>, and select <strong>frmLogin</strong>.</li>\n<li>Select the <strong>Login button</strong>, then right click on it and select <strong>Action: onClick</strong>.</li>\n<li>The action editor will open. </li>\n</ol>"
            }
        }
    }
}